Unnamed: 0,Gene,File Names
0,hOR10A2,AF-Q9H208-F1-model_v2.pdb
1,hOR10A2_H43R_H207R_K258T,
2,hOR10A3,AF-P58181-F1-model_v2.pdb
3,hOR10A4_R262Q,
4,hOR10A5,AF-Q9H207-F1-model_v2.pdb
5,hOR10A6,AF-Q8NH74-F1-model_v2.pdb
6,hOR10A6_L287P,
7,hOR10A6_V140P_L287P,
8,hOR10A7,AF-Q8NGE5-F1-model_v2.pdb
9,hOR10AD1_R166Q_S177N_W198R,
10,hOR10AG1,AF-Q8NH19-F1-model_v2.pdb
11,hOR10C1,AF-Q96KK4-F1-model_v2.pdb
12,hOR10C1_F60L_P174Q_M246V,
13,hOR10D3_R197K_Y252*_V271M,
14,hOR10G3,AF-Q8NGC4-F1-model_v2.pdb
15,hOR10G3_S73G,
16,hOR10G4,AF-Q8NGN3-F1-model_v2.pdb
17,hOR10G4_A9V_M134V_V195E_R235G_K295Q,
18,hOR10G4_L24P_V195E,
19,hOR10G6,AF-Q8NH81-F1-model_v2.pdb
20,hOR10G7,AF-Q8NGN6-F1-model_v2.pdb
21,hOR10G7_T13M,
22,hOR10G7_T90A,
23,hOR10G8,AF-Q8NGN5-F1-model_v2.pdb
24,hOR10G9_A90T_M134V,
25,hOR10H1,AF-Q9Y4A9-F1-model_v2.pdb
26,hOR10H2_L40Q,
27,hOR10H3,AF-O60404-F1-model_v2.pdb
28,hOR10H4,AF-Q8NGA5-F1-model_v2.pdb
29,hOR10H5_A224D,
30,hOR10J1,AF-P30954-F1-model_v2.pdb
31,hOR10J3,AF-Q5JRS4-F1-model_v2.pdb
32,hOR10J5,AF-Q8NHC4-F1-model_v2.pdb
33,hOR10J5_R233W,
34,hOR10K1,AF-Q8NGX5-F1-model_v2.pdb
35,hOR10K2,AF-Q6IF99-F1-model_v2.pdb
36,hOR10P1,AF-Q8NGE3-F1-model_v2.pdb
37,hOR10Q1,AF-Q8NGQ4-F1-model_v2.pdb
38,hOR10R2,AF-Q8NGX6-F1-model_v2.pdb
39,hOR10R2_A191T_E216G_L239F,
40,hOR10T2,AF-Q8NGX3-F1-model_v2.pdb
41,hOR10V1_Q101L_V117A_Q123W,
42,hOR10W1_R263Q,
43,hOR10X1,AF-Q8NGY0-F1-model_v2.pdb
44,hOR10Z1,AF-Q8NGY1-F1-model_v2.pdb
45,hOR11A1,AF-Q9GZK7-F1-model_v2.pdb
46,hOR11G2,AF-Q8NGC1-F1-model_v2.pdb
47,hOR11H1,AF-Q8NG94-F1-model_v2.pdb
48,hOR11H12,AF-B2RN74-F1-model_v2.pdb
49,hOR11H13,
50,hOR11H2,AF-Q8NH07-F1-model_v2.pdb
51,hOR11H4,AF-Q8NGC9-F1-model_v2.pdb
52,hOR11H6,AF-Q8NGC7-F1-model_v2.pdb
53,hOR11H7,AF-Q8NGC8-F1-model_v2.pdb
54,hOR11L1_G108S_F117L_A142T_R171P,
55,hOR12D2,AF-P58182-F1-model_v2.pdb
56,hOR12D2_V47F_L56P_S104F_F113L_L120R_V159I,
57,hOR12D3,AF-Q9UGF7-F1-model_v2.pdb
58,hOR13A1,AF-Q8NGR1-F1-model_v2.pdb
59,hOR13C2,AF-Q8NGS9-F1-model_v2.pdb
60,hOR13C3,AF-Q8NGS6-F1-model_v2.pdb
61,hOR13C3_G2C,
62,hOR13C4,AF-Q8NGS5-F1-model_v2.pdb
63,hOR13C5,AF-Q8NGS8-F1-model_v2.pdb
64,hOR13C5_S18F_L69M_P79S_L86V_N128S_M258T,
65,hOR13C7_Indel,
66,hOR13C8,AF-Q8NGS7-F1-model_v2.pdb
67,hOR13C9,AF-Q8NGT0-F1-model_v2.pdb
68,hOR13C9_F197L,
69,hOR13D1,AF-Q8NGV5-F1-model_v2.pdb
70,hOR13F1_F18S_M101V_V134I_I270T,
71,hOR13G1_I132V,
72,hOR13H1,AF-Q8NG92-F1-model_v2.pdb
73,hOR13J1_H133R,
74,hOR14A16_Indel,
75,hOR14A2,AF-Q96R54-F1-model_v2.pdb
76,hOR14C36_G225R_D231Y,
77,hOR14I1_V36A_D50N_S170N,
78,hOR14J1,AF-Q9UGF5-F1-model_v2.pdb
79,hOR14K1,AF-Q8NGZ2-F1-model_v2.pdb
80,hOR14L1,
81,hOR1A1,AF-Q9P1Q5-F1-model_v2.pdb
82,hOR1A1_P285S,
83,hOR1A1_R128H,
84,hOR1A1_V233M,
85,hOR1A2,AF-Q9Y585-F1-model_v2.pdb
86,hOR1C1,AF-Q15619-F1-model_v2.pdb
87,hOR1D2,AF-P34982-F1-model_v2.pdb
88,hOR1D5,AF-P58170-F1-model_v2.pdb
89,hOR1E1,AF-P30953-F1-model_v2.pdb
90,hOR1E2,AF-P47887-F1-model_v2.pdb
91,hOR1E2_C27R,
92,hOR1E3,AF-Q8WZA6-F1-model_v2.pdb
93,hOR1F1_F75S,
94,hOR1F12,
95,hOR1G1,AF-P47890-F1-model_v2.pdb
96,hOR1I1_P139R_Y252S,
97,hOR1J1,AF-Q8NGS3-F1-model_v2.pdb
98,hOR1J2,AF-Q8NGS2-F1-model_v2.pdb
99,hOR1J4,AF-Q8NGS1-F1-model_v2.pdb
100,hOR1K1,AF-Q8NGR3-F1-model_v2.pdb
101,hOR1L1,AF-Q8NH94-F1-model_v2.pdb
102,hOR1L3,AF-Q8NH93-F1-model_v2.pdb
103,hOR1L4_G234R,
104,hOR1L6_Q23K_C150Y_I215T_R221Q_M223I_G234R,
105,hOR1L8,AF-Q8NGR8-F1-model_v2.pdb
106,hOR1M1,AF-Q8NGA1-F1-model_v2.pdb
107,hOR1N1,AF-Q8NGS0-F1-model_v2.pdb
108,hOR1N2,AF-Q8NGR9-F1-model_v2.pdb
109,hOR1N2_W23R_V230G_T287M,
110,hOR1N2_W37R_V244G_T301M,
111,hOR1Q1_Q24R_I163M,
112,hOR1S1,AF-Q8NH92-F1-model_v2.pdb
113,hOR1S2,AF-Q8NGQ3-F1-model_v2.pdb
114,hOR1S2_I46T,
115,hOR2A1,AF-Q8NGT9-F1-model_v2.pdb
116,hOR2A12,AF-Q8NGT7-F1-model_v2.pdb
117,hOR2A14,AF-Q96R47-F1-model_v2.pdb
118,hOR2A14_Indel,
119,hOR2A2,AF-Q6IF42-F1-model_v2.pdb
120,hOR2A2_F280L,
121,hOR2A25,AF-A4D2G3-F1-model_v2.pdb
122,hOR2A25_S75N,
123,hOR2A25_S75N_A209P,
124,hOR2A4,AF-O95047-F1-model_v2.pdb
125,hOR2A42,AF-Q8NGT9-F1-model_v2.pdb
126,hOR2A5,AF-Q96R48-F1-model_v2.pdb
127,hOR2A7,AF-Q96R45-F1-model_v2.pdb
128,hOR2A9,
129,hOR2AE1_I77T,
130,hOR2AG1,AF-Q9H205-F1-model_v2.pdb
131,hOR2AG2,AF-A6NM03-F1-model_v2.pdb
132,hOR2AG2_Y28C_R54P_R299G,
133,hOR2AJ1_M1V,
134,hOR2AK2,AF-Q8NG84-F1-model_v2.pdb
135,hOR2AK2_V188M,
136,hOR2AP1,AF-Q8NGE2-F1-model_v2.pdb
137,hOR2AT4,AF-A6NND4-F1-model_v2.pdb
138,hOR2B11,AF-Q5JQS5-F1-model_v2.pdb
139,hOR2B2,AF-Q9GZK3-F1-model_v2.pdb
140,hOR2B3,AF-O76000-F1-model_v2.pdb
141,hOR2B6,AF-P58173-F1-model_v2.pdb
142,hOR2B8_Indel,
143,hOR2C1,AF-O95371-F1-model_v2.pdb
144,hOR2C1_C149W,
145,hOR2C1_G16S_C149W_R229H,
146,hOR2C1_P58S_C149W,
147,hOR2C3_T20A_P68S_L289V,
148,hOR2D2,AF-Q9H210-F1-model_v2.pdb
149,hOR2D3_L66I,
150,hOR2F1,AF-Q13607-F1-model_v2.pdb
151,hOR2F2_A98V,
152,hOR2G2,AF-Q8NGZ5-F1-model_v2.pdb
153,hOR2G2_P24A_V120L_R236G,
154,hOR2G3,AF-Q8NGZ4-F1-model_v2.pdb
155,hOR2G6,AF-Q5TZ20-F1-model_v2.pdb
156,hOR2H1,AF-Q9GZK4-F1-model_v2.pdb
157,hOR2H2,AF-O95918-F1-model_v2.pdb
158,hOR2H2_L30F_A48V,
159,hOR2J1,AF-Q9GZK6-F1-model_v2.pdb
160,hOR2J2,AF-O76002-F1-model_v2.pdb
161,hOR2J2_T111A,
162,hOR2J2_Y74H_T111A_V146A_T218A,
163,hOR2J3,AF-O76001-F1-model_v2.pdb
164,hOR2J3_I228V,
165,hOR2J3_I228V_M261I,
166,hOR2J3_R226Q_I228V_M261I,
167,hOR2J3_T113A_R226Q_I228V_M261I,
168,hOR2K2,AF-Q8NGT1-F1-model_v2.pdb
169,hOR2L13,AF-Q8N349-F1-model_v2.pdb
170,hOR2L2,AF-Q8NH16-F1-model_v2.pdb
171,hOR2L3,AF-Q8NG85-F1-model_v2.pdb
172,hOR2L5,AF-Q8NG80-F1-model_v2.pdb
173,hOR2L8,AF-Q8NGY9-F1-model_v2.pdb
174,hOR2M2_R220G_C235R,
175,hOR2M3,AF-Q8NG83-F1-model_v2.pdb
176,hOR2M4,AF-Q96R27-F1-model_v2.pdb
177,hOR2M5,AF-A3KFT3-F1-model_v2.pdb
178,hOR2M7,AF-Q8NG81-F1-model_v2.pdb
179,hOR2M7_F35L_V78A_C178F,
180,hOR2M7_F35L_V78A_C178F_D191N,
181,hOR2S2,AF-Q9NQN1-F1-model_v2.pdb
182,hOR2T1_P132L,
183,hOR2T10,AF-Q8NGZ9-F1-model_v2.pdb
184,hOR2T11,AF-Q8NH01-F1-model_v2.pdb
185,hOR2T11_C119R_Q309R,
186,hOR2T2,AF-Q6IF00-F1-model_v2.pdb
187,hOR2T29,AF-Q8NH02-F1-model_v2.pdb
188,hOR2T3,AF-Q8NH03-F1-model_v2.pdb
189,hOR2T32_Indel,
190,hOR2T34,AF-Q8NGX1-F1-model_v2.pdb
191,hOR2T35_V31I,
192,hOR2T4,AF-Q8NH00-F1-model_v2.pdb
193,hOR2T5,AF-Q6IEZ7-F1-model_v2.pdb
194,hOR2T6_N21D_C23G_S243A,
195,hOR2T8,AF-A6NH00-F1-model_v2.pdb
196,hOR2V1,AF-Q8NHB1-F1-model_v2.pdb
197,hOR2V2_H221R,
198,hOR2W1,AF-Q9Y3N9-F1-model_v2.pdb
199,hOR2W1_D296N,
200,hOR2W1_M81V,
201,hOR2W3_Indel,
202,hOR2W5,
203,hOR2Y1_V200L,
204,hOR2Z1,AF-Q8NG97-F1-model_v2.pdb
205,hOR3A1,AF-P47881-F1-model_v2.pdb
206,hOR3A2,AF-P47893-F1-model_v2.pdb
207,hOR3A3,AF-P47888-F1-model_v2.pdb
208,hOR3A4_I42V_S86R_E103Q_I120V_P168T_N175S,
209,hOR4A15_A257V,
210,hOR4A16,AF-Q8NH70-F1-model_v2.pdb
211,hOR4A4,
212,hOR4A47_I104L_V145M,
213,hOR4A5,AF-Q8NH83-F1-model_v2.pdb
214,hOR4B1,AF-Q8NGF8-F1-model_v2.pdb
215,hOR4C11,AF-Q6IEV9-F1-model_v2.pdb
216,hOR4C12_V283L,
217,hOR4C15,AF-Q8NGM1-F1-model_v2.pdb
218,hOR4C16_V25L_T76A_L259P,
219,hOR4C3,AF-Q8NH37-F1-model_v2.pdb
220,hOR4C45,AF-A6NMZ5-F1-model_v2.pdb
221,hOR4C46_K288R,
222,hOR4C5,AF-Q8NGB2-F1-model_v2.pdb
223,hOR4C6,AF-Q8NH72-F1-model_v2.pdb
224,hOR4D1,AF-Q15615-F1-model_v2.pdb
225,hOR4D1_R54Q,
226,hOR4D10,AF-Q8NGI6-F1-model_v2.pdb
227,hOR4D11,AF-Q8NGI4-F1-model_v2.pdb
228,hOR4D2_C97S_L187F,
229,hOR4D5,AF-Q8NGN0-F1-model_v2.pdb
230,hOR4D6,AF-Q8NGJ1-F1-model_v2.pdb
231,hOR4D6_D96G,
232,hOR4D9,AF-Q8NGE8-F1-model_v2.pdb
233,hOR4E2,AF-Q8NGC2-F1-model_v2.pdb
234,hOR4E2_V118M_Q234R,
235,hOR4F14_A297T,
236,hOR4F15,AF-Q8NGB8-F1-model_v2.pdb
237,hOR4F16,AF-Q6IEY1-F1-model_v2.pdb
238,hOR4F17,AF-Q8NGA8-F1-model_v2.pdb
239,hOR4F21,AF-O95013-F1-model_v2.pdb
240,hOR4F4,AF-Q96R69-F1-model_v2.pdb
241,hOR4F5,AF-Q8NH21-F1-model_v2.pdb
242,hOR4F6,AF-Q8NGB9-F1-model_v2.pdb
243,hOR4K1_R89H,
244,hOR4K13,AF-Q8NH42-F1-model_v2.pdb
245,hOR4K14,AF-Q8NGD5-F1-model_v2.pdb
246,hOR4K15_N65S_E88V_S93A_A231E_L280P_I286M,
247,hOR4K17,AF-Q8NGC6-F1-model_v2.pdb
248,hOR4K2,AF-Q8NGD2-F1-model_v2.pdb
249,hOR4K3,AF-Q96R72-F1-model_v2.pdb
250,hOR4K5,AF-Q8NGD3-F1-model_v2.pdb
251,hOR4L1_R52S,
252,hOR4M1,AF-Q8NGD0-F1-model_v2.pdb
253,hOR4M2,AF-Q8NGB6-F1-model_v2.pdb
254,hOR4N2,AF-Q8NGD1-F1-model_v2.pdb
255,hOR4N4,AF-Q8N0Y3-F1-model_v2.pdb
256,hOR4N5,AF-Q8IXE1-F1-model_v2.pdb
257,hOR4P4,AF-Q8NGL7-F1-model_v2.pdb
258,hOR4P4_R231C,
259,hOR4Q3,AF-Q8NH05-F1-model_v2.pdb
260,hOR4Q3_F238L,
261,hOR4S1,AF-Q8NGB4-F1-model_v2.pdb
262,hOR4S2,AF-Q8NH73-F1-model_v2.pdb
263,hOR4X1_Indel,
264,hOR4X2,AF-Q8NGF9-F1-model_v2.pdb
265,hOR51A2,AF-Q8NGJ7-F1-model_v2.pdb
266,hOR51A4_G45C_L227P_R267G,
267,hOR51B2,AF-Q9Y5P1-F1-model_v2.pdb
268,hOR51B4_V36I_M147T,
269,hOR51B5,AF-Q9H339-F1-model_v2.pdb
270,hOR51B6,AF-Q9H340-F1-model_v2.pdb
271,hOR51D1,AF-Q8NGF3-F1-model_v2.pdb
272,hOR51E1,AF-Q8TCB6-F1-model_v2.pdb
273,hOR51E1_S11N,
274,hOR51E2,AF-Q9H255-F1-model_v2.pdb
275,hOR51F1,AF-A6NGY5-F1-model_v2.pdb
276,hOR51F2,AF-Q8NH61-F1-model_v2.pdb
277,hOR51G1,AF-Q8NGK1-F1-model_v2.pdb
278,hOR51G1_Y125S,
279,hOR51G2,AF-Q8NGK0-F1-model_v2.pdb
280,hOR51H1,AF-Q8NH63-F1-model_v2.pdb
281,hOR51I1,AF-Q9H343-F1-model_v2.pdb
282,hOR51I2,AF-Q9H344-F1-model_v2.pdb
283,hOR51J1_R75H,
284,hOR51L1,AF-Q8NGJ5-F1-model_v2.pdb
285,hOR51L1_I281M,
286,hOR51L1_T196I_A207V,
287,hOR51M1_H91Q_L124F_I193T_P245H_F307L,
288,hOR51Q1,AF-Q8NH59-F1-model_v2.pdb
289,hOR51S1,AF-Q8NGJ8-F1-model_v2.pdb
290,hOR51T1,AF-Q8NGJ9-F1-model_v2.pdb
291,hOR51V1,AF-Q9H2C8-F1-model_v2.pdb
292,hOR52A1_S272P,
293,hOR52A4,
294,hOR52A5,AF-Q9H2C5-F1-model_v2.pdb
295,hOR52B2,AF-Q96RD2-F1-model_v2.pdb
296,hOR52B4,AF-Q8NGK2-F1-model_v2.pdb
297,hOR52B6_T36A_L90H_A146T_H149R_V267I,
298,hOR52D1,AF-Q9H346-F1-model_v2.pdb
299,hOR52E1,AF-Q8NGJ3-F1-model_v2.pdb
300,hOR52E2_H174R_R264C,
301,hOR52E4_V176I_R184M_R228H,
302,hOR52E5_P234L,
303,hOR52E6,AF-Q96RD3-F1-model_v2.pdb
304,hOR52E8,AF-Q6IFG1-F1-model_v2.pdb
305,hOR52H1,AF-Q8NGJ2-F1-model_v2.pdb
306,hOR52I1,AF-Q8NGK6-F1-model_v2.pdb
307,hOR52I2_T132M,
308,hOR52J3,AF-Q8NH60-F1-model_v2.pdb
309,hOR52J3_T77A_V128I_Q141L_V226I_R303*,
310,hOR52K1,AF-Q8NGK4-F1-model_v2.pdb
311,hOR52K2,AF-Q8NGK3-F1-model_v2.pdb
312,hOR52L1,AF-Q8NGH7-F1-model_v2.pdb
313,hOR52L1_D73N_C125R_C146R_K168T_W282R,
314,hOR52L2_R169W,
315,hOR52M1,AF-Q8NGK5-F1-model_v2.pdb
316,hOR52N1,AF-Q8NH53-F1-model_v2.pdb
317,hOR52N2_M228T,
318,hOR52N4_T106I_L167R_N218I,
319,hOR52N5,AF-Q8NH56-F1-model_v2.pdb
320,hOR52P1,AF-Q8NH57-F1-model_v2.pdb
321,hOR52R1,AF-Q8NGF1-F1-model_v2.pdb
322,hOR52R1_I129T_N201Y_S245A,
323,hOR52W1,AF-Q6IF63-F1-model_v2.pdb
324,hOR56A1,AF-Q8NGH5-F1-model_v2.pdb
325,hOR56A3_M51T,
326,hOR56A4,AF-Q8NGH8-F1-model_v2.pdb
327,hOR56A5,AF-P0C7T3-F1-model_v2.pdb
328,hOR56B1_C106R,
329,hOR56B4,AF-Q8NH76-F1-model_v2.pdb
330,hOR56B4_P277S,
331,hOR5A1,AF-Q8NGJ0-F1-model_v2.pdb
332,hOR5A1_I52V,
333,hOR5A2,AF-Q8NGI9-F1-model_v2.pdb
334,hOR5AC2,AF-Q9NZP5-F1-model_v2.pdb
335,hOR5AC2_M200I,
336,hOR5AK2,AF-Q8NH90-F1-model_v2.pdb
337,hOR5AK2_M92I,
338,hOR5AK3,
339,hOR5AL1,AF-P0C617-F1-model_v2.pdb
340,hOR5AN1,AF-Q8NGI8-F1-model_v2.pdb
341,hOR5AP2,AF-Q8NGF4-F1-model_v2.pdb
342,hOR5AR1,AF-Q8NGP9-F1-model_v2.pdb
343,hOR5AS1,AF-Q8N127-F1-model_v2.pdb
344,hOR5AU1,AF-Q8NGC0-F1-model_v2.pdb
345,hOR5AU1_L66F_I248V,
346,hOR5B12,AF-Q96R08-F1-model_v2.pdb
347,hOR5B17,AF-Q8NGF7-F1-model_v2.pdb
348,hOR5B2_M200T,
349,hOR5B21_I279F,
350,hOR5B3,AF-Q8NH48-F1-model_v2.pdb
351,hOR5C1,AF-Q8NGR4-F1-model_v2.pdb
352,hOR5D13_C62Y_R236L,
353,hOR5D14,AF-Q8NGL3-F1-model_v2.pdb
354,hOR5D16,AF-Q8NGK9-F1-model_v2.pdb
355,hOR5D18,AF-Q8NGL1-F1-model_v2.pdb
356,hOR5D18_N136D,
357,hOR5F1_S294N,
358,hOR5H1,AF-A6NKK0-F1-model_v2.pdb
359,hOR5H1_I153L_T181I,
360,hOR5H14_G64R_Y189C,
361,hOR5H2,AF-Q8NGV7-F1-model_v2.pdb
362,hOR5H2_E11Q_I225V_I281V,
363,hOR5H6,AF-Q8NGV6-F1-model_v2.pdb
364,hOR5I1,AF-Q13606-F1-model_v2.pdb
365,hOR5J2,AF-Q8NH18-F1-model_v2.pdb
366,hOR5K1,AF-Q8NHB7-F1-model_v2.pdb
367,hOR5K2,AF-Q8NHB8-F1-model_v2.pdb
368,hOR5K3,AF-A6NET4-F1-model_v2.pdb
369,hOR5K4_I206V,
370,hOR5L1,AF-Q8NGL2-F1-model_v2.pdb
371,hOR5M1_S282T,
372,hOR5M10_V69L,
373,hOR5M11,AF-Q96RB7-F1-model_v2.pdb
374,hOR5M8,AF-Q8NGP6-F1-model_v2.pdb
375,hOR5M9,
376,hOR5P2,AF-Q8WZ92-F1-model_v2.pdb
377,hOR5P3,AF-Q8WZ94-F1-model_v2.pdb
378,hOR5R1,
379,hOR5S1,
380,hOR5T1,
381,hOR5T2,
382,hOR5T3,
383,hOR5V1,
384,hOR5W2_R189C_F310Y,
385,hOR6A2,
386,hOR6B1_R143C,
387,hOR6B2_R122C,
388,hOR6B3_R261W,
389,hOR6C1_V74I_C130Y_L161F_H165D_V246I_R291K,
390,hOR6C2,
391,hOR6C3,
392,hOR6C4_I37V,
393,hOR6C6,
394,hOR6C65,AF-A6NJZ3-F1-model_v2.pdb
395,hOR6C68_A45T,
396,hOR6C70,
397,hOR6C74,
398,hOR6C75,
399,hOR6C76,
400,hOR6F1,
401,hOR6J1_R121H_T124A_R226H_P250S_L274S_V279L,
402,hOR6K2,AF-Q8NGY2-F1-model_v2.pdb
403,hOR6K3,
404,hOR6K3_P228S_P248L,
405,hOR6K6,
406,hOR6M1,
407,hOR6N1_I194T_F245L_Q261R_R293H,
408,hOR6N2,
409,hOR6P1,AF-Q8NGX9-F1-model_v2.pdb
410,hOR6Q1,
411,hOR6S1_T42I_V156I_R237H,
412,hOR6T1,
413,hOR6V1,
414,hOR6X1,
415,hOR6Y1_V252I,
416,hOR7A10,
417,hOR7A17,
418,hOR7A5,AF-Q15622-F1-model_v2.pdb
419,hOR7C1,AF-O76099-F1-model_v2.pdb
420,hOR7C1_S99G_V126I_E171K_S210P,
421,hOR7C1_V126I_E171K_S210P,
422,hOR7C2,
423,hOR7D2,
424,hOR7D4,AF-Q8NG98-F1-model_v2.pdb
425,hOR7D4_L17F,
426,hOR7D4_R88W_T133M,
427,hOR7E24_P242S,
428,hOR7G1,
429,hOR7G2,AF-Q8NG99-F1-model_v2.pdb
430,hOR7G2_V263A_F281V,
431,hOR7G3,
432,hOR8A1,AF-Q8NGG7-F1-model_v2.pdb
433,hOR8B12,
434,hOR8B2,AF-Q96RD0-F1-model_v2.pdb
435,hOR8B3_H20R_Q24R_V34I_M114I,
436,hOR8B4_E22G,
437,hOR8B4_Y131H_C140F_C178R,
438,hOR8B8,
439,hOR8D1,AF-Q8WZ84-F1-model_v2.pdb
440,hOR8D2,
441,hOR8D4_C120Y_R133K_F200L_L283P_R298K,
442,hOR8G1,
443,hOR8G5,AF-Q8NG78-F1-model_v2.pdb
444,hOR8H1,
445,hOR8H2_A105V_I154M_V158L_Y169C_D170Y_Y259H_V284M,
446,hOR8H3_P137S,
447,hOR8I2,
448,hOR8J1_Y120C,
449,hOR8J3,
450,hOR8K1,
451,hOR8K3,AF-Q8NH51-F1-model_v2.pdb
452,hOR8K3_L122R,
453,hOR8K5,
454,hOR8S1_M48V_L82P_R128C_A198T,
455,hOR8U1,
456,hOR8U8,
457,hOR8U9,
458,hOR9A2,AF-Q8NGT5-F1-model_v2.pdb
459,hOR9A4,
460,hOR9G1,AF-Q8NH87-F1-model_v2.pdb
461,hOR9G4_N191D,
462,hOR9G9,
463,hOR9I1,
464,hOR9K2,
465,hOR9Q1_A2V,
466,hOR9Q2,
467,hOR9Q2_C179R,
468,Olfr1008,Olfr1008.pdb
469,Olfr1009,Olfr1009_Mor175-3.pdb
470,Olfr1019,Olfr1019_Mor180-1.pdb
471,Olfr1032,Olfr1032.pdb
472,Olfr1044,Olfr1044_Mor185-4.pdb
473,Olfr1047,Olfr1047_Olfr1082.pdb
474,Olfr1054,Olfr1054.pdb
475,Olfr1062,Olfr1062_Olfr1057.pdb
476,Olfr1079,Olfr1079.pdb
477,Olfr1080,Olfr1080.pdb
478,Olfr1082,Olfr1082.pdb
479,Olfr109,Olfr109.pdb
480,Olfr1093,Olfr1093.pdb
481,Olfr1094,Olfr1094_Mor179-7.pdb
482,Olfr1095,Olfr1095_Olfr141.pdb
483,Olfr110,Olfr110.pdb
484,Olfr1101,Olfr1101.pdb
485,Olfr1104,Olfr1104.pdb
486,Olfr1126,Olfr1126.pdb
487,Olfr1130,Olfr1130.pdb
488,Olfr1153,Olfr1153.pdb
489,Olfr1155,Olfr1155.pdb
490,Olfr1170,Olfr1170_Olfr1173.pdb
491,Olfr120,Olfr120.pdb
492,Olfr1213,Olfr1213.pdb
493,Olfr1228,Olfr1228.pdb
494,Olfr123,Olfr123.pdb
495,Olfr1233,Olfr1233.pdb
496,Olfr1238,Olfr1238.pdb
497,Olfr124,Olfr124.pdb
498,Olfr124_A183I,
499,Olfr124_H176A,
500,Olfr124_P182A,
501,Olfr1241,Olfr1241_Olfr1254.pdb
502,Olfr1250,Olfr1250.pdb
503,Olfr1264,Olfr1264_MOR18.pdb
504,Olfr1265,Olfr1265.pdb
505,Olfr128,Olfr128.pdb
506,Olfr1287,Olfr1287.pdb
507,Olfr13,Olfr13_Mor261-6.pdb
508,Olfr131,Olfr131.pdb
509,Olfr1324,Olfr1324.pdb
510,Olfr1325,Olfr1325.pdb
511,Olfr1328,Olfr1328.pdb
512,Olfr133,Olfr133.pdb
513,Olfr1333,Olfr1333.pdb
514,Olfr1341,Olfr1341.pdb
515,Olfr1352,Olfr1352.pdb
516,Olfr1353,Olfr1353.pdb
517,Olfr1356,Olfr1356.pdb
518,Olfr136,Olfr136_Olfr138.pdb
519,Olfr1362,Olfr1362.pdb
520,Olfr1362_F102Y,
521,Olfr1362_I107L,
522,Olfr1362_I204A,
523,Olfr1362_S106A,
524,Olfr1362_V207L,
525,Olfr1364,Olfr1364.pdb
526,Olfr1370,Olfr1370.pdb
527,Olfr1377,Olfr1377.pdb
528,Olfr1387,Olfr1387.pdb
529,Olfr1390,Olfr1390.pdb
530,Olfr1395,Olfr1395.pdb
531,Olfr1402,Olfr1402.pdb
532,Olfr1404,Olfr1404.pdb
533,Olfr1411,Olfr1411_Olfr1410.pdb
534,Olfr1413,Olfr1413.pdb
535,Olfr142,Olfr142_Mor227-2_Olfr4.pdb
536,Olfr1427,Olfr1427.pdb
537,Olfr143,Olfr143_Mor170-6_Olfr7.pdb
538,Olfr1442,Olfr1442.pdb
539,Olfr1443,Olfr1443.pdb
540,Olfr1444,Olfr1444_Mor202-4.pdb
541,Olfr1446,Olfr1446.pdb
542,Olfr1448,Olfr1448.pdb
543,Olfr145,Olfr145_Mor161-6_Olfr7.pdb
544,Olfr1461,Olfr1461.pdb
545,Olfr1462,Olfr1462.pdb
546,Olfr1463,Olfr1463_Olfr1457.pdb
547,Olfr1465,Olfr1465_Olfr1453.pdb
548,Olfr1469,Olfr1469.pdb
549,Olfr1477,Olfr1477.pdb
550,Olfr1484,Olfr1484.pdb
551,Olfr1491,Olfr1491.pdb
552,Olfr1496,Olfr1496.pdb
553,Olfr15,Olfr15_Mor256-17.pdb
554,Olfr150,Olfr150_Mor171-18_Olfr7.pdb
555,Olfr1501,Olfr1501.pdb
556,Olfr1502,Olfr1502.pdb
557,Olfr1504,Olfr1504.pdb
558,Olfr151,Olfr151_Mor171-2_Olfr7.pdb
559,Olfr1511,Olfr1511.pdb
560,Olfr1512,Olfr1512.pdb
561,Olfr156,Olfr156_Olfr157.pdb
562,Olfr160,Olfr160.pdb
563,Olfr161,Olfr161.pdb
564,Olfr166,Olfr166.pdb
565,Olfr167,Olfr167.pdb
566,Olfr168,Olfr168.pdb
567,Olfr171,Olfr171_Olfr169.pdb
568,Olfr174,Olfr175_Olfr175-ps1.pdb
569,Olfr180,Olfr180.pdb
570,Olfr181,Olfr181_Mor184-4.pdb
571,Olfr19,Olfr19_Mor140-1.pdb
572,Olfr191,Olfr191.pdb
573,Olfr195,Olfr195.pdb
574,Olfr196,Olfr196_Olfr190_Olfr191.pdb
575,Olfr2,Olfr2.pdb
576,Olfr20,Olfr20_Olfr397.pdb
577,Olfr201,Olfr201.pdb
578,Olfr202,Olfr202.pdb
579,Olfr203,Olfr203.pdb
580,Olfr205,Olfr205_Olfr203.pdb
581,Olfr206,Olfr206_Olfr204.pdb
582,Olfr209,Olfr209.pdb
583,Olfr211,Olfr211.pdb
584,Olfr214,Olfr214.pdb
585,Olfr221,Olfr221_Olfr1514.pdb
586,Olfr231,Olfr231.pdb
587,Olfr24,Olfr24_Mor132-1.pdb
588,Olfr25,Olfr25.pdb
589,Olfr263,Olfr263_Olfr263-ps1_Olfr42.pdb
590,Olfr27,Olfr27.pdb
591,Olfr30,Olfr30.pdb
592,Olfr31,Olfr31.pdb
593,Olfr311,Olfr311_Olfr312.pdb
594,Olfr323,Olfr323.pdb
595,Olfr33,Olfr33.pdb
596,Olfr339,Olfr339_Olfr350.pdb
597,Olfr340,Olfr340.pdb
598,Olfr346,Olfr346.pdb
599,Olfr347,Olfr347.pdb
600,Olfr357,Olfr357.pdb
601,Olfr362,Olfr362.pdb
602,Olfr376,Olfr376.pdb
603,Olfr378,Olfr378.pdb
604,Olfr389,Olfr389.pdb
605,Olfr399,Olfr399.pdb
606,Olfr406,Olfr406_Olfr406-ps.pdb
607,Olfr414,Olfr414.pdb
608,Olfr419,Olfr419.pdb
609,Olfr424,Olfr424.pdb
610,Olfr429,Olfr429.pdb
611,Olfr430,Olfr430.pdb
612,Olfr434,Olfr434.pdb
613,Olfr44,Olfr44.pdb
614,Olfr447,Olfr447.pdb
615,Olfr448,Olfr448.pdb
616,Olfr449,Olfr449.pdb
617,Olfr459,Olfr459_Orz6.pdb
618,Olfr463,Olfr463_Olfr462.pdb
619,Olfr464,Olfr464.pdb
620,Olfr466,Olfr466.pdb
621,Olfr467,Olfr467.pdb
622,Olfr47,Olfr47_Olfr13.pdb
623,Olfr476,Olfr476_Mor204-3.pdb
624,Olfr478,Olfr478_Mor204-13.pdb
625,Olfr490,Olfr490_Mor204-17.pdb
626,Olfr491,Olfr491_Mor204-11.pdb
627,Olfr494,Olfr494_Mor204-10.pdb
628,Olfr5,Olfr5_Mor103-8.pdb
629,Olfr502,Olfr502_Mor204-8.pdb
630,Olfr506,Olfr506.pdb
631,Olfr508,Olfr508_Mor204-6.pdb
632,Olfr51,Olfr51.pdb
633,Olfr514,Olfr514.pdb
634,Olfr518,Olfr518.pdb
635,Olfr523,Olfr523.pdb
636,Olfr527,Olfr527.pdb
637,Olfr530,Olfr530.pdb
638,Olfr532,Olfr532.pdb
639,Olfr535,Olfr535.pdb
640,Olfr539,Olfr539.pdb
641,Olfr549,Olfr549.pdb
642,Olfr552,Olfr552.pdb
643,Olfr554,Olfr554.pdb
644,Olfr556,Olfr556.pdb
645,Olfr558,Olfr558.pdb
646,Olfr561,Olfr561.pdb
647,Olfr569,Olfr569.pdb
648,Olfr57,Olfr57_Olfr1351.pdb
649,Olfr571,Olfr571.pdb
650,Olfr599,Olfr599.pdb
651,Olfr60,Olfr60.pdb
652,Olfr609,Olfr609.pdb
653,Olfr61,Olfr61_Olfr45.pdb
654,Olfr611,Olfr611.pdb
655,Olfr615,Olfr615.pdb
656,Olfr616,Olfr616.pdb
657,Olfr617,Olfr617.pdb
658,Olfr62,Olfr62.pdb
659,Olfr620,Olfr620.pdb
660,Olfr628,Olfr628.pdb
661,Olfr632,Olfr632.pdb
662,Olfr638,Olfr638.pdb
663,Olfr64,Olfr64.pdb
664,Olfr644,Olfr644.pdb
665,Olfr649,Olfr649.pdb
666,Olfr653,Olfr653.pdb
667,Olfr659,Olfr659.pdb
668,Olfr666,Olfr666.pdb
669,Olfr669,Olfr669.pdb
670,Olfr67,Olfr67.pdb
671,Olfr677,Olfr677.pdb
672,Olfr683,Olfr683.pdb
673,Olfr685,Olfr685.pdb
674,Olfr702,Olfr702.pdb
675,Olfr711,Olfr711.pdb
676,Olfr715,Olfr715.pdb
677,Olfr724,Olfr724.pdb
678,Olfr73,Olfr73_mOR-EG.pdb
679,Olfr734,Olfr734.pdb
680,Olfr736,Olfr736.pdb
681,Olfr739,Olfr739.pdb
682,Olfr744,Olfr744.pdb
683,Olfr746,Olfr746.pdb
684,Olfr749,Olfr749.pdb
685,Olfr790,Olfr790.pdb
686,Olfr796,Olfr796.pdb
687,Olfr798,Olfr798.pdb
688,Olfr801,Olfr801.pdb
689,Olfr805,Olfr805_Olfr811.pdb
690,Olfr812,Olfr812_Olfr815.pdb
691,Olfr826,Olfr826_Olfr825.pdb
692,Olfr830,Olfr830.pdb
693,Olfr874,Olfr874.pdb
694,Olfr875,Olfr875.pdb
695,Olfr876,Olfr876.pdb
696,Olfr883,Olfr883.pdb
697,Olfr887,Olfr887.pdb
698,Olfr888,Olfr888.pdb
699,Olfr889,Olfr889.pdb
700,Olfr890,Olfr890.pdb
701,Olfr895,Olfr895.pdb
702,Olfr898,Olfr898.pdb
703,Olfr9,Olfr9_Mor269-3.pdb
704,Olfr90,Olfr90.pdb
705,Olfr911-ps1,Olfr911-ps1.pdb
706,Olfr919,Olfr919.pdb
707,Olfr920,Olfr920.pdb
708,Olfr923,Olfr923.pdb
709,Olfr935,Olfr935_Olfr919.pdb
710,Olfr958,Olfr958_Mor224-9.pdb
711,Olfr96,Olfr96.pdb
712,Olfr960,Olfr960.pdb
713,Olfr961,Olfr961.pdb
714,Olfr965,Olfr965.pdb
715,Olfr978,Olfr978.pdb
716,Olfr979,Olfr979.pdb
717,Olfr982,Olfr982.pdb
718,Olfr983,Olfr983.pdb
719,Olfr985,Olfr985.pdb
720,Olfr992,Olfr992.pdb
