accession,start,sequence
Olfr101,239,MVVVLFYAP
Olfr102,239,MVVFLFYAP
Olfr103,239,MVVVLFYAP
Olfr109,239,MVVCLFYGP
Olfr1179,238,TVVIFFFVP
Olfr1180,235,TIVVLFFVP
Olfr1178,238,TVVVLFFAP
Olfr1181,238,SVVILFFGP
Olfr1182,238,SVVILFFGS
Olfr1184,238,TVVILFFGP
Olfr1198,237,TVVFMFFLP
Olfr1208,237,TVVFMFFLP
Olfr1196,238,MVVVLFFGP
Olfr1197,238,MVVVLFFGP
Olfr1200,238,MVVVLFFGP
Olfr1183,237,IVVVIFFGP
Olfr1186,237,IVVILFFGP
Olfr1201,238,IVVILSFVP
Olfr1205,238,IVVVLSFGP
Olfr1206,238,IVVILFFGP
Olfr1199,238,IVVILFFGP
Olfr1209,238,IVVILFFGP
Olfr1195,238,IVVILFFVP
Olfr1265,238,TVVILFFGP
Olfr1269,238,TVVILFFGP
Olfr1506,238,TVVVIFFAP
Olfr1193,240,AVVIIFFGP
Olfr1271,238,TVVILYFGP
Olfr142,238,TVVILFFVP
Olfr1272,238,TVVILFFGP
Olfr1270,238,TVVVLFFGP
Olfr32,237,MVVVLFFGP
Olfr1188,240,TVVVLFFVP
Olfr1233,234,TVVVLFFVP
Olfr1189,238,TVVVLFFVP
Olfr1230,238,TVVVLFFVP
Olfr1202,238,TVVVLFFVP
Olfr1204,238,TVVVLFFVP
Olfr1257,238,TVVVLFFVP
Olfr1258,238,TVVVLFFVP
Olfr1255,240,TVVVLSFIP
Olfr1259,238,TVVVLFFIP
Olfr48,235,TVVILFFVP
Olfr1260,238,TVVLLFFVP
Olfr1261,235,TVVVLFFVP
Olfr1263,235,TVVVLFFVP
Olfr1262,235,TVVVLFFVP
Olfr1264,238,TVVTMFFVP
Olfr140,238,TVVALFFVP
Olfr1231,240,TVVVLFFVP
Olfr1229,239,AVVVLFFVP
Olfr1232,239,AVVVLFFVP
Olfr1211,239,AVVVLFFVP
Olfr1212,239,AVVVSFFVP
Olfr1215,239,TVVVLFFVP
Olfr1223,239,TVVLLFFVP
Olfr1214,239,TVVVFFFVS
Olfr1217,239,TVVLLFFVP
Olfr1219,239,IVVLLCFVP
Olfr1225,239,IVVVLFFVP
Olfr1226,239,TVVLLFFVS
Olfr1228,241,TVVLLFFVP
Olfr1222,239,TVMILFFVP
Olfr1220,239,TVVVLFFVP
Olfr1221,239,TVVVLFFVP
Olfr1216,239,TVVVLFLVP
Olfr1218,239,TVVVLFLVP
Olfr1213,239,TVVVLFFVP
Olfr1234,238,TVVVLFFVP
Olfr1239,238,TVVVLFFVP
Olfr1256,238,TVVVSFFVP
Olfr1238,238,TVVVLFFVP
Olfr1240,238,IVVVLFFVP
Olfr1250,238,MVVVLFFVP
Olfr1252,238,MVVVCFFVP
Olfr1248,238,MVVVLFFVP
Olfr1247,238,MVVVLFFVP
Olfr1254,238,MVVILFFVP
Olfr1245,238,LVVILFFVP
Olfr1246,238,MVVTLFFVP
Olfr1249,238,TVVFLFFVP
Olfr1251,238,TVVFLFFVP
Olfr1253,238,TVVFLFFVP
Olfr1241,238,MVVVLFFVP
Olfr1242,238,MVVVCFFAP
Olfr1243,238,MVVVCFFAP
Olfr1276,240,SVVVLFFGP
Olfr1278,241,SVVVLFFGP
Olfr1275,240,CVVVLFFGP
Olfr1306,240,SVVFLFFGP
Olfr1307,240,TVVFLFFGP
Olfr1316,239,SVVVLFFGP
Olfr1314,240,SVVVLFFGP
Olfr1308,240,MVVVLFFGP
Olfr1312,237,TVVVLFFGP
Olfr1313,239,TVVVLFFGP
Olfr1303,240,TVVFLFFGP
Olfr1310,240,IVVVLFFGP
Olfr1311,240,TVVVLFFGP
Olfr1309,240,TVVILFFGP
Olfr1305,240,TVVVLFFGP
Olfr1317,240,TVVVFFFGP
Olfr1318,240,TVVVFFFGP
Olfr1279,240,TVVVLFFTP
Olfr1284,240,TVVVLFFTP
Olfr1288,240,TVVVLFFIP
Olfr1289,226,TVVLLFFGP
Olfr725,240,IVVVLFFGP
Olfr726,240,TVVVLFFGP
Olfr727,240,TVVVLFFGP
Olfr729,240,MVVVLFFGP
Olfr728,240,TVVILFFGP
Olfr730,240,IVVFMFFGP
Olfr731,240,TVVLMFFGP
Olfr723,240,IVVTLFFGP
Olfr724,240,IVVTLFFGP
Olfr1283,240,IVVLLFFGP
Olfr1287,240,IVVLLFFGP
Olfr1280,240,IVVVLFFGP
Olfr1282,240,IVVLLFFGP
Olfr1286,240,IVVLLFFGP
Olfr1281,240,IVVLLFFGP
Olfr1277,240,TVVVLFFGP
Olfr1290,240,TVVLIFFVP
Olfr1302,240,TVVMIFFVP
Olfr1294,240,TVVLIFFVP
Olfr1295,240,TVVMIFFVP
Olfr1297,240,TVVMIFFLP
Olfr1298,240,TVVMIFFLP
Olfr1299,240,TVVMLLFLP
Olfr1301,240,TVVMIFFVP
Olfr1424,240,TVVTLHFVP
Olfr1425,238,TVITLHFVP
Olfr1426,238,TVVTLHFVP
Olfr1423,240,TVVTLHFVP
Olfr1427,240,TVVTLHFVP
Olfr1428,240,MVVTLHFVP
Olfr462,240,IVVSMIFIP
Olfr463,240,IVVSMIFIP
Olfr464,240,IVVSMIFIP
Olfr984,240,TVVTIIFVP
Olfr732,240,IIIFIMFGP
Olfr733,240,IIIFLMFGP
Olfr722,240,IIVFLMFGP
Olfr734,241,TIVVLMFGP
Olfr735,241,TVVSLIFVP
Olfr1507,240,TVVTLFLGH
Olfr1508,240,TVVTLFLGH
Olfr1509,240,MVVALFFGP
Olfr934,239,TAILLAFMP
Olfr959,239,TAILLFYMP
Olfr149,239,TAILLFYMP
Olfr975,239,TSILLFYGP
Olfr976,241,TSILLFYGP
Olfr960,241,TAIMCVYGP
Olfr961,239,TAIMCVYGP
Olfr963,239,TAIICAYGP
Olfr958,241,IAILCAYGP
Olfr148,239,TAILCAYGP
Olfr1510,242,TVVTVYYVP
Olfr1511,242,TVVTVYYVP
Olfr1512,242,TIVTVYYVP
Olfr1513,242,TMVTVYYVP
Olfr981,241,TVVIVYYVP
Olfr979,240,IVVLCFFVP
Olfr980,240,IVVLCFFVP
Olfr978,240,IVVLCFFGP
Olfr982,242,TVVLLYYMP
Olfr1,243,SVVSLFYGT
Olfr378,243,SVVSLFYGT
Olfr20,243,SVVSLFYGT
Olfr376,243,SVVSLFYGT
Olfr23,243,SVVSLFYGS
Olfr390,243,SVVSLFYGT
Olfr397,243,SVVSLFYGT
Olfr380,243,TVVSLFYGT
Olfr381,243,SVVSLFYGT
Olfr382,243,SVVSLFYGT
Olfr384,243,SVVSLFYGT
Olfr385,243,SVVSLFYGT
Olfr389,243,SVVSLFYGT
Olfr395,243,SVVTLFYGT
Olfr392,243,SVVSLFYGT
Olfr393,243,SVVSLFYGT
Olfr394,241,SVVSLFYGT
Olfr339,243,CVVSLYYGA
Olfr346,243,CVVSLYYGS
Olfr344,243,CVVSLYYGS
Olfr338,241,CVVSLYFGS
Olfr340,243,CVVSLYYGA
Olfr345,243,CVVSLYYGA
Olfr341,243,SVVCLYYGA
Olfr342,243,CVVSLYYGA
Olfr347,243,CVVSLYYGA
Olfr50,243,CVVSLYYGA
Olfr348,243,SVVSLYYGA
Olfr352,243,SVVSLYYGA
Olfr350,243,SVVSLYYGT
Olfr3,243,SVVALYYGS
Olfr1324,243,SAVSLFYGS
Olfr1496,243,TIVFLFYGT
Olfr356,243,SAVCLFYVS
Olfr351,241,CVVCVFYGT
Olfr353,241,CVVCVFYGT
Olfr354,243,TVVLLFYGS
Olfr412,243,AVVALFYGT
Olfr59,243,SVVALFFGT
Olfr1357,243,TVVSLFYGT
Olfr1366,243,ALVILFYGA
Olfr24,243,SVVALFYGT
Olfr161,243,AVVCLFYGT
Olfr374,243,SVVSLFYGT
Olfr1377,243,TVVSLFYGA
Olfr51,243,TVVSLFYGA
Olfr1378,243,TVVSLFYGA
Olfr403,242,TVVSLYYGT
Olfr43,242,TVVSLYYGT
Olfr54,242,SVVTLFYGT
Olfr1351,244,SVVSLFYCT
Olfr57,244,SVVSLFYCT
Olfr19,243,SVVSLFYST
Olfr1352,243,SVVSLFYFT
Olfr1353,243,LVVSLFYCT
Olfr1354,243,SIVSLFYST
Olfr8,243,SIVFLFYST
Olfr1355,243,SIVSLFYST
Olfr870,243,SVVSLFYGT
Olfr871,243,SVVSLFYGT
Olfr371,243,SVVSLFYGT
Olfr1356,243,LVVFLFYSN
Olfr39,243,CVVCLFYGT
Olfr867,243,CVVTLFYGS
Olfr77,243,CVVSMFYGT
Olfr828,243,SVVSLFYGT
Olfr835,243,SVTSLSYGS
Olfr846,243,SVVSLFYGA
Olfr847,243,VVVSLFYGA
Olfr850,243,SVVSLFYGT
Olfr854,243,SVVFLFYGT
Olfr829,243,SVVFLFYGT
Olfr845,243,SVVSLFYGT
Olfr855,243,SVVSLFYGA
Olfr836,243,SVVSLFYGT
Olfr837,243,SVVSLFYGT
Olfr830,243,SVVSLFYGT
Olfr849,243,SVVSLFYGT
Olfr843,243,SVVSLFYGT
Olfr851,243,SVVSLFYGT
Olfr832,243,VVVILFYGT
Olfr834,243,VVVILFYGT
Olfr853,243,SVVSLFYGT
Olfr18,243,SVVCLFYGT
Olfr873,243,SVVCLFYGT
Olfr869,243,SVVCLFYGT
Olfr872,243,SVVCLFYGT
Olfr866,243,LVVCLFYGT
Olfr868,243,AVVCLFYGT
Olfr58,243,SVVCLFYGT
Olfr859,243,SVVCLFYGT
Olfr857,243,SVVCLFYGT
Olfr860,243,SVVCLFYGT
Olfr862,243,SVVCLFYGT
Olfr355,243,TVVTLFYGS
Olfr365,243,TVVVLFYGS
Olfr366,243,TVVALFYGT
Olfr357,243,TVVAIFYGT
Olfr107,240,SVVLLFYST
Olfr108,243,SVVLLFYST
Olfr97,241,SVVLLFYST
Olfr98,240,SVVLLFYST
Olfr99,240,SVVLLFYST
Olfr362,243,TMVGFLYGT
Olfr398,242,VVVSLFFGS
Olfr360,242,LVVLLLFGT
Olfr361,242,LVVMFLFGS
Olfr358,242,MVVLLLYGS
Olfr1000,245,VTVAILYGT
Olfr996,245,ATVSILYGT
Olfr998,245,SAVSILYGT
Olfr1002,245,TAVSILYGT
Olfr154,245,TAVSILYGT
Olfr1009,245,TAVSILYGT
Olfr1019,245,TGVTLFYGT
Olfr1111,245,IAVTLFYGT
Olfr1133,245,MAVAIFYGT
Olfr1134,245,MAVAIFHGT
Olfr1128,245,MAVAIFHG-
Olfr1131,244,TAVAIFQGT
Olfr153,244,TAVAIFQGT
Olfr1132,245,TAVAVFQGT
Olfr1151,245,TTVAIFQGT
Olfr1143,245,TAVAIFQGT
Olfr1152,244,TAVAIFQGT
Olfr1153,244,TVVAIFQGT
Olfr1138,245,TAVAIFQGT
Olfr1141,245,TAVAIFQGT
Olfr1135,245,TAVAIFQGT
Olfr1140,245,TAVAIFQGT
Olfr1136,245,TAVGIFQGT
Olfr1137,245,TAVGIFQGT
Olfr368,245,TAVSILYGT
Olfr1442,243,TAVSIFYGT
Olfr1443,243,TAVSIFYGT
Olfr1446,245,TAVSIFYGT
Olfr1447,245,TAVSIFYGT
Olfr1467,244,TAVSIFYGT
Olfr1457,245,TAVSIFYGT
Olfr1469,244,IAVSIFYGT
Olfr1465,243,TAVSIFYGT
Olfr1463,245,IAVFIFYGT
Olfr1466,245,TAVFIFYGT
Olfr1461,245,TAVFIFYGT
Olfr1453,243,TAVSIFYGT
Olfr1454,243,TAVSIFYGT
Olfr1459,243,TAVFIFYGT
Olfr1462,243,TAVFIYYGT
Olfr1451,243,TVVSIFYST
Olfr1445,243,TVVFIFYGS
Olfr1448,243,TAVSIFYGT
Olfr1449,244,TAVTIFYGT
Olfr1450,245,TAVTIFYGT
Olfr1471,243,ITVSIFFGS
Olfr1474,243,ITVSIFFGS
Olfr1472,243,ITVSIFFGS
Olfr1475,243,ITVFIFFGS
Olfr1477,244,TTVSIFYGT
Olfr1484,244,TTVSIFYGT
Olfr1480,244,TTVSIFYGT
Olfr1487,244,TTVSIFYGT
Olfr1489,243,TTVSIFYGT
Olfr1444,245,TAVSIFYGT
Olfr1020,245,MAVTIFFGT
Olfr1095,243,TAVSICYGT
Olfr141,243,TAVSIYYGT
Olfr1086,243,MAVSTFHGT
Olfr1094,245,TGVSIYHGT
Olfr1102,245,TGVSIFHGT
Olfr1093,245,TGVSIYHGT
Olfr1101,242,TGVSIYYGT
Olfr1154,244,TVVTIYHGT
Olfr1160,244,AVITIYHGT
Olfr1158,244,AVITIYHGT
Olfr152,245,TSVAIYQGT
Olfr1155,245,TAITIFHGT
Olfr73,245,TAITIFHGT
Olfr1161,245,TTITIFYGT
Olfr74,245,AAITIFHGT
Olfr1162,245,TAITIFHGT
Olfr1163,245,TAITIFHGT
Olfr1164,245,KAIGVCHGI
Olfr1176,245,TAISFCHGI
Olfr1166,245,TAISIFHGI
Olfr1170,245,TAISIFHGI
Olfr1167,245,TAITIFHGI
Olfr1168,243,TAISIFHGI
Olfr1173,243,TAISIFHGT
Olfr1156,245,TVIMVFHGT
Olfr1157,245,TVIIVFHGT
Olfr1497,245,TAVALFFGT
Olfr1500,245,TAVSLFFGT
Olfr1501,244,IAVALFFGT
Olfr1504,244,IAVALFFGT
Olfr1502,245,TAVALLFGT
Olfr1505,245,TAVALLFGT
Olfr1499,245,TAVALFFGT
Olfr1006,245,VSVMLFYGS
Olfr1015,245,VSVTLFYGS
Olfr1013,244,ISVTLYYGS
Olfr1014,244,ISVTLYYGS
Olfr1016,244,ISVTLYYGS
Olfr1012,244,ISVTLYYGS
Olfr1010,245,TAVTLYYGS
Olfr12,242,TAVSLFYGT
Olfr1411,242,MAVSLFYGT
Olfr1413,242,TAVSLFYGT
Olfr1410,242,TAVSLFYGT
Olfr1412,241,TAVSLFYGT
Olfr466,242,IGVCLFFGT
Olfr823,240,AVVSLFYGT
Olfr824,240,AVVSLFYGT
Olfr825,240,GVVSVLYGA
Olfr826,240,GVVSVLYGA
Olfr827,245,GVVSLLYGT
Olfr1008,245,TVVVVFYGT
Olfr1053,245,TVVVVFYGT
Olfr1048,245,TVVVVFYGT
Olfr1049,245,TVVVVFYGS
Olfr1051,245,TVVVVFYGS
Olfr1047,245,TVVIVFYGT
Olfr1087,245,TVVTVFYGT
Olfr1090,245,TVVTVFYGT
Olfr1080,245,TVVTVFYGT
Olfr1082,245,TVVTIFYGT
Olfr1084,245,TVVTIFYGT
Olfr1085,245,TVVIVFYGT
Olfr1089,245,TVVTVFYGT
Olfr1076,245,TVVTVFYGT
Olfr228,245,TVVTVFYGT
Olfr1079,245,TVVSVFYGT
Olfr1054,244,TVVIVFYGT
Olfr1058,245,TMVTVFYGT
Olfr1065,245,TVVTVFYGT
Olfr1061,245,TVVIVFYGT
Olfr1066,245,TVVIVFYGT
Olfr1055,245,TVIVIFYGT
Olfr1056,245,TVVVILYGT
Olfr1046,245,TVVVVFYGT
Olfr1044,245,LAVTIFYGT
Olfr52,245,MAVSIFYGT
Olfr1037,245,TAVTIFYGT
Olfr1057,245,MAVTVFYGT
Olfr1062,245,MAVTVFYGT
Olfr1045,245,MAVTVFYGT
Olfr1039,245,TSITIFYGT
Olfr1040,245,TSITIFYGT
Olfr1042,245,TSITIFYGT
Olfr1043,245,SSIAIYYGT
Olfr513,243,TVVTIFYGT
Olfr1022,245,TTVTIFYET
Olfr1023,245,TTVTIFYGT
Olfr1024,245,TAVTMFYGS
Olfr1026,245,TAVTIFYGT
Olfr1028,245,MAVTLFYGT
Olfr1029,245,MAVTLFYGT
Olfr1030,245,VAVTVFYGT
Olfr1032,243,TAVVIFYGT
Olfr1033,243,TAVGIFYGT
Olfr1034,243,TAVSMFYGT
Olfr1036,243,TAVSMFYGT
Olfr1031,244,TAVIIFYAT
Olfr987,245,TAVTIFYGT
Olfr988,245,TAVTIFYGT
Olfr992,245,TAVTIFYGT
Olfr994,244,TAVTIFYGT
Olfr995,245,TAVTIFYGT
Olfr993,245,TAVTIFYGT
Olfr1097,245,IGVTVFYGT
Olfr1098,245,IGVTVFYGT
Olfr1099,245,LAVTIFYGT
Olfr1100,245,LGVTVFYGT
Olfr1104,244,TGVTVFYGS
Olfr1323,245,TAVALYYGT
Olfr221,245,TAVCFFFGT
Olfr1052,245,TAVTIFYGT
Olfr1106,245,TAVTLFYGS
Olfr1110,245,TAVTLFYGS
Olfr259,245,TAVALFYGS
Olfr1107,245,TAVILFYGS
Olfr1109,245,TAVTLFYGS
Olfr1105,245,TVVTLFYGT
Olfr467,245,TAVTLFYGT
Olfr481,245,TAVTLFYGT
Olfr480,245,TAVTLFFGT
Olfr508,245,TAVTLFYGT
Olfr472,245,TAVTLFYGT
Olfr473,245,TAVTLYYGT
Olfr474,245,TAVTLYYGT
Olfr476,245,TAVTLYYGT
Olfr477,245,TAVTLYYGT
Olfr491,245,TAVTLYYGT
Olfr469,245,TAVTLFYGT
Olfr470,245,TAVTLYYGT
Olfr478,245,TAVTLFYGT
Olfr502,245,TAVTLFYGT
Olfr482,245,TAVTLFYGT
Olfr484,245,TAVSLFYGT
Olfr483,246,TAVTLYYGT
Olfr497,245,TAVTLYYGT
Olfr494,245,TAVTLYYGT
Olfr492,245,TAVTLFYGT
Olfr493,245,TAVTLFYGT
Olfr490,245,TAVTLFYGT
Olfr507,245,TAVTVFYGT
Olfr510,245,TVVTLLYGT
Olfr506,245,TAVTLFYGT
Olfr495,245,TAVTLFYGT
Olfr498,245,TAVILFYGT
Olfr486,245,TAVTLYYGT
Olfr487,245,TAVTLYYGT
Olfr485,245,TAVTLSYGT
Olfr488,245,TAVTLYYGT
Olfr1431,245,TAVSLFYST
Olfr235,245,TAVSLFYST
Olfr1436,245,TAVSLFYTS
Olfr1437,245,TAVSLFYTS
Olfr1433,245,TAVSLFYSS
Olfr262,245,TAVSLFYTS
Olfr1440,245,TAVTLFFGS
Olfr1441,245,TTVILFYGS
Olfr76,245,MAVTMLFGT
Olfr143,245,ITVSLFYGS
Olfr894,245,ITVSLFYGS
Olfr895,245,ITVSLFYVT
Olfr25,245,ITVSFFYGS
Olfr251,245,ITVSLFYGS
Olfr898,245,ITVSLFYGS
Olfr893,245,ITVSLFYGS
Olfr250,245,ITVALFYGF
Olfr891,244,MTVVLFYGF
Olfr874,244,IVVCLFFGS
Olfr875,244,IVVCLFFGS
Olfr876,244,IVVCLFFGS
Olfr145,244,IAVSLFFGS
Olfr877,245,IVVSLFFGS
Olfr922,245,IVVSVFFGS
Olfr916,245,IAAFLFFGS
Olfr917,244,IAAFLFFGS
Olfr902,244,IAVSLFFGS
Olfr904,245,IAVCLFFGS
Olfr906,245,IAVSLFFGS
Olfr905,245,IAVSLFFGS
Olfr915,245,IAVSLFFGS
Olfr908,245,VVVSLFFGS
Olfr907,245,IALCLFFGS
Olfr910,245,IAVSLFFGS
Olfr912,245,IAVSLFYGS
Olfr921,245,IAVSLFFGS
Olfr914,245,IAVSMFFGS
Olfr920,245,IAVSLFFGS
Olfr913,245,LAVSLFFGS
Olfr147,245,MAISLFFGS
Olfr918,245,MAISLFFGS
Olfr923,245,MTVSLFFGA
Olfr878,245,VAVALFFGS
Olfr888,245,IAVSLFFGA
Olfr890,245,IAVSLFYGA
Olfr889,245,IAVSLFFGA
Olfr883,245,IAVSLFFGA
Olfr881,245,IAVSLFFGA
Olfr884,245,MAVSFFFGA
Olfr885,245,IAVSFFFGA
Olfr887,245,IAVSIFFGS
Olfr901,245,IAVSIFFGA
Olfr983,245,IAVSLFFGS
Olfr146,245,SAVAIFYIS
Olfr935,245,SAVAVFYGS
Olfr936,201,SAVAVFFGS
Olfr150,245,SAVSVFFGS
Olfr919,245,SAVSVFFGS
Olfr965,245,TSVAVFFGS
Olfr968,245,SAVAIFFGS
Olfr972,245,SAVAIFFGS
Olfr969,245,SAVAIFFGS
Olfr970,245,SAVAIFFGS
Olfr967,245,SAVAVFFGS
Olfr957,245,LAVAVFFGS
Olfr952,245,LAVAIFFGS
Olfr955,245,LAVAIFFGS
Olfr938,245,MAVAIFFGS
Olfr242,245,SAVAIFYGS
Olfr944,245,SAVAIFYGS
Olfr943,245,SAVAVFYGS
Olfr945,245,SAVAIFYGS
Olfr951,245,SAVAIFYGS
Olfr954,245,SAVAVFYGS
Olfr44,245,LAVAVFFGS
Olfr948,245,SAVAILYGS
Olfr937,245,LAVAVFFGS
Olfr229,245,SAVAIFYGS
Olfr971,245,SAVALFYGS
Olfr151,244,AAVGLFYGS
Olfr160,244,AAVGLFYGS
Olfr985,245,TAVLIFYGS
Olfr26,245,MAVGIFFGS
Olfr933,245,MAVGIFFGS
Olfr930,245,MAVGIFFGS
Olfr924,242,MAVGIFFGS
Olfr926,242,MAVGIFFGS
Olfr974,245,AAVGVFYGS
Olfr172,245,LSVSLFYGS
Olfr173,245,LSVSLFYGS
Olfr177,245,LSVSIFYGS
Olfr195,245,LSVSIFYGS
Olfr178,245,FSVSIFYAC
Olfr180,245,FSVSIFYVC
Olfr181,245,FSVSIFYIC
Olfr191,245,LSVSLYYGP
Olfr193,245,LSVSLYYGP
Olfr196,245,LSVSLYYGS
Olfr197,245,LSVCLYYGS
Olfr187,244,LSVSLYYGP
Olfr183,245,LSVSLYYGP
Olfr186,245,LSVSLYYGP
Olfr190,243,LSVSLYYGP
Olfr192,243,LSVSLYYGP
Olfr194,244,LSVSLFYGT
Olfr203,244,LSVSLFYGT
Olfr204,244,LSVSLFYGT
Olfr205,244,LSVSLFYGT
Olfr206,244,LSVSLFYGT
Olfr207,244,SSVSLFYGT
Olfr199,245,LSVSLFYGT
Olfr201,245,LSVSLFYGT
Olfr202,245,LSVSLFYGT
Olfr198,245,LSVSLFYGT
Olfr281,245,IAVVLFFGS
Olfr282,245,AAVTLFFGS
Olfr283,243,TAVSFFYGS
Olfr284,243,TTVILFYGS
Olfr285,243,TVVMLYFGS
Olfr110,245,LIVILYYGS
Olfr111,245,LIVILYYGS
Olfr290,245,LVVFLFYGT
Olfr291,245,LVVFLFYGT
Olfr1402,245,TVVVVFFGT
Olfr139,245,TVVCIFYGT
Olfr399,245,TVVGIFYGT
Olfr402,245,TVVAMFYGT
Olfr410,245,TVVAIFYGA
Olfr401,245,TVVAMFYGT
Olfr411,245,TVVGIFYGT
Olfr45,245,IVVSVYYSS
Olfr539,245,IVVSVYYSS
Olfr53,245,IVVSVYYSS
Olfr535,245,IVVSVYYSS
Olfr541,245,IVVSVYYSS
Olfr61,245,IVVSVYYSS
Olfr60,245,IVVSVYYSS
Olfr46,245,IVVSVYYSS
Olfr538,245,IVVSVYYSS
Olfr211,244,IVVCMYYTA
Olfr525,245,VVVVLYYST
Olfr532,245,VVVTLYYST
Olfr530,245,VVVTLYYST
Olfr533,245,VVVTLYYST
Olfr536,245,VVVTLYYST
Olfr527,243,IVVTMYYST
Olfr531,242,IVVTMYYST
Olfr309,243,MVVSLYYSP
Olfr112,245,FVVSLFLST
Olfr116,245,FVVSLFLST
Olfr113,245,FVVLLFLST
Olfr114,245,FVVSLFLST
Olfr115,245,FVVSLFLST
Olfr127,245,FVVSFFLST
Olfr128,245,FVVSFFLST
Olfr126,245,FVVSFFLST
Olfr761,245,FVVSFFLST
Olfr125,242,FVVMFFLSA
Olfr294,243,TVFSVFIAT
Olfr298,243,TVFSVFIVT
Olfr304,243,TVFSVFIAT
Olfr307,243,TVFTVFLVT
Olfr305,243,TVFSVFIAT
Olfr292,243,IVVSVFLSS
Olfr295,243,IVVSVFLSS
Olfr297,243,IVAYLFLCS
Olfr293,245,IVVSVFLSS
Olfr299,243,VVVSVFLSS
Olfr301,243,IVVSVFLSS
Olfr310,243,IVVSVFVSS
Olfr312,243,TTVILFYGT
Olfr313,243,TTVILFYGT
Olfr311,243,TTVILFYGT
Olfr1350,243,ATVLLFYGT
Olfr10,242,LVVSLFYGS
Olfr1393,242,LVVSLFYGS
Olfr1392,242,LVVSLFYGS
Olfr1385,242,LVVSLFYGS
Olfr1386,242,LVVSLFYGS
Olfr1391,242,LVVSMFYGS
Olfr1388,242,LVVSLFYGS
Olfr1387,242,MVVSLFYGS
Olfr1389,242,IVVSLFYGS
Olfr1390,242,VVVSMFYGA
Olfr1371,242,IVVAMFYGS
Olfr1380,242,IVVAMFYGS
Olfr1373,242,IVVAMFYGS
Olfr1381,242,IVVAMFYGS
Olfr1382,242,IVVAMFYGS
Olfr1383,242,TVVFLFYGS
Olfr1384,241,TVVFLFYGS
Olfr131,243,LVVIMFYGS
Olfr1535,244,LVVIIFFGT
Olfr1359,243,IVVVLFYGT
Olfr1360,243,IVVVLFYGT
Olfr11,243,IVVSLFYGT
Olfr124,243,LVVSLFYFT
Olfr133,243,IVVLLFYGP
Olfr135,243,IVVLLFYGP
Olfr134,243,IVVLLFYGP
Olfr136,243,VVVSLFYGP
Olfr138,243,IVVSLFYGP
Olfr1367,243,LVVSLFYGP
Olfr222,243,LVVSLFYLP
Olfr1370,243,VVVTLFYGP
Olfr117,242,IVVVLFYGT
Olfr130,242,LVVVLFYGT
Olfr123,241,MVVSLFYGS
Olfr15,243,VVVFLFYGS
Olfr91,241,IVVTLFYSS
Olfr93,241,IVVTLFYSS
Olfr92,241,IVVTLFYSS
Olfr90,241,IVVTLFYSS
Olfr132,243,LVVSLFYGT
Olfr179,243,TVVSLFYGN
Olfr317,243,TVVSLFYGN
Olfr1364,243,TVVSLFYGN
Olfr1361,243,IVVSLFYGT
Olfr1362,243,TVVSLFYGS
Olfr225,242,AVVSLFYSS
Olfr263,243,TVVSIFYGT
Olfr1368,243,TVVTLFYGT
Olfr137,243,TVVSLFFIP
Olfr223,243,LVVTMYFGP
Olfr1344,243,AVVGLFYGT
Olfr94,244,TAVCLFYGS
Olfr1349,243,IVVILFYGT
Olfr455,239,AVTFLHYGC
Olfr1325,238,IVVTIYFGT
Olfr324,242,AVVTIYYGT
Olfr286,243,TVVVFFYTS
Olfr287,242,TVVVFFYTS
Olfr288,242,TVVIFLYTS
Olfr1018,243,TVVTLFYGT
Olfr13,242,CVVGLFYGT
Olfr447,242,CVVGLFYGT
Olfr441,242,CVVGLFFGS
Olfr444,242,CVVGLFFGS
Olfr448,242,CVVGLFFGS
Olfr434,242,CVVGLFFGS
Olfr47,242,CVVGLFFGS
Olfr435,242,CVVGLFFGS
Olfr446,240,CVVGLFFGC
Olfr437,242,CVVGLFFGI
Olfr1328,243,TVVTFFYAP
Olfr1337,243,TVVTFFYAP
Olfr1330,243,TVVTFFYAP
Olfr1331,243,TVVTFFYAP
Olfr1333,243,TVVTFFYAP
Olfr1329,243,TVVTLFYVP
Olfr1338,243,TVVTFFYIP
Olfr1335,243,TVVTLFYLP
Olfr1339,243,TVVTMFCGP
Olfr62,243,IVVTMFSIP
Olfr1340,243,TVVTMFCVP
Olfr1341,243,TVVTMFCVP
Olfr1342,243,TVVTMFYGP
Olfr707,243,IVVVLFYGS
Olfr716,243,IVVVLFYGS
Olfr702,243,TVVVLYYGS
Olfr710,243,IVVIFFYGS
Olfr715,243,MVVILFYGS
Olfr38,243,TMVVLCYGM
Olfr452,243,TVVTLCYGT
Olfr453,243,TVVALCYGM
Olfr450,242,TVVCMCFGA
Olfr457,243,TVVSMSYGM
Olfr458,243,TVVSMSYGM
Olfr456,242,TVVSMSYGM
Olfr155,243,TVVLVFYGT
Olfr159,243,TVVLVFYGT
Olfr156,243,TVVLVFYGT
Olfr157,243,TVVIIFYGT
Olfr272,243,TVVIIFYGT
Olfr273,243,TVVIIFYGT
Olfr270,241,TVVILFYGS
Olfr267,242,TVVILYYGA
Olfr275,243,TVVVLFYGT
Olfr70,243,TVVVIFYGT
Olfr71,243,AVVLLFYST
Olfr164,243,MVVGMYYGA
Olfr165,243,MVVVIYYGA
Olfr1394,243,AVVGLYYGG
Olfr1396,243,AAVSFFYGA
Olfr56,212,TAVSLFYGA
Olfr1395,243,IVVSLFYGA
Olfr314,241,AVVGLFYGA
Olfr315,243,AVVGLFYGA
Olfr166,242,TVVTFYYAP
Olfr168,242,TVVTFYYAP
Olfr167,242,TVVTFYYAP
Olfr169,243,VVVIMYYGP
Olfr171,243,VVVIMYYGP
Olfr170,242,VVVIMYYGP
Olfr325,243,TVVTLFYGA
Olfr330,243,TVVTLFYGA
Olfr331,241,TVVTLYYGA
Olfr328,242,TVVTLFYGA
Olfr224,241,TVVTLFYGA
Olfr31,242,TVVTLFYGA
Olfr720,242,IVVTLFYGA
Olfr372,243,TVVGLFYGA
Olfr373,243,TVVGLFFGA
Olfr30,243,TVVNLFYGP
Olfr693,243,TVVGMYYGP
Olfr699,243,TVVGLYYGA
Olfr700,243,TVVGMWYGG
Olfr705,243,TVVGMFYGA
Olfr694,243,TVVGMWYGG
Olfr704,243,TVVGMWYGG
Olfr695,243,TVVGMWYGG
Olfr698,243,TVVGMWYGG
Olfr703,243,IVVGMWYGG
Olfr697,243,TVVGMYYGA
Olfr701,243,TVVGMFYGG
Olfr706,243,MVVGMFYGA
Olfr332,242,TVVSLYFGQ
Olfr318,243,TVASLFYVT
Olfr320,243,TVASLFYVT
Olfr316,243,TVASLFYVT
Olfr319,243,TVASLFYVT
Olfr1129,240,LVVFLFFGS
Olfr1130,240,LVVFLFFGS
Olfr1126,240,LVVFLFFGS
Olfr1120,240,VVVLLFFGS
Olfr1145,240,LVVVLFYGS
Olfr1148,240,LVVLLFYGS
Olfr1121,240,VVVVLFFAP
Olfr1112,240,IVVALFFGS
Olfr1113,240,IVVFLFYGS
Olfr1115,240,IVVFLFYGS
Olfr1124,240,AVVILFFGS
Olfr1118,231,IVVVLFYGT
Olfr1122,239,IVVVLFYGT
Olfr1123,240,IVVVLFYGT
Olfr118,240,LVVTLFFGS
Olfr120,240,LVVTLFYGS
Olfr119,240,LVVTMFYGS
Olfr121,240,LVVTLFFGS
Olfr129,240,LVVTLFFGS
Olfr122,240,LVVTLFYGS
Olfr713,241,LVVSLFYVS
Olfr714,241,VVVSLFYVS
Olfr17,241,LVVSLFYST
Olfr95,239,VVVSLFYGT
Olfr247,240,LVVSLFYGT
Olfr819,240,LVVSLFYGT
Olfr763,240,FVVILFFGT
Olfr9,240,FVVILFFGT
Olfr796,240,LVVSLFFGT
Olfr516,240,TSVTLFYGT
Olfr519,240,TSVILFYGT
Olfr512,240,TSVTLFYGT
Olfr518,240,TSVTLFYGT
Olfr517,240,TSVTLFYGT
Olfr514,239,TSVTLFYST
Olfr1404,241,TVVIIHYGC
Olfr218,241,TVVIIHYGC
Olfr16,239,TVVIVHYGC
Olfr1406,239,TVVVIHYGC
Olfr1408,239,TVVVIHYGC
Olfr419,240,TVVVIHYGC
Olfr370,240,IVVIVHYGC
Olfr479,238,TVVSMHYGF
Olfr509,238,TVVFIHYGF
Olfr239,241,TVVVVHYGF
Olfr55,241,TVVVVHYGF
Olfr63,242,TVVIVHYGF
Olfr248,238,TVAIIHFVF
Olfr417,238,TVVLIHFVF
Olfr1417,240,TVVLLQYGC
Olfr1418,240,TVVLLQYGC
Olfr1420,240,VVVLLQYGC
Olfr1419,240,LVVVLQYGC
Olfr1491,241,TVVLLQYGG
Olfr1494,241,TVVLLQYGC
Olfr1495,241,TVVLLQYGC
Olfr1490,240,TVVLLQYGC
Olfr1320,242,VVVTLFYGT
Olfr266,241,TVVTVFYGT
Olfr279,242,SVVAVFYGT
Olfr96,241,AVVSTFYGT
Olfr1321,241,IVVSLYYGT
Olfr1322,236,IVVSLYYGT
Olfr1336,241,VVVGIFYSA
Olfr5,241,VVVGIFYSV
Olfr1347,241,VVVGIFYSA
Olfr1348,241,VVVGIFYSA
Olfr1346,242,LVMGLFYSV
Olfr1415,241,TVVTFFYVA
Olfr1416,241,TVVTFFYMA
Olfr1414,241,TVVTIFYTA
Olfr6,239,TVVVIFYTA
Olfr711,241,TVVIIYYTA
Olfr2,241,TVVIIFYAA
Olfr524,240,AVVVIFYSA
Olfr449,237,VVVTIFYSA
Olfr220,241,TVVTLFYST
Olfr414,241,AVVVIYYSS
Olfr522,241,VVVLIFYTT
Olfr303,241,TVVTIYYGT
Olfr323,241,AVVTIYYGT
Olfr212,239,IVLSLMYGS
Olfr213,239,IVLSLMYGS
Olfr214,239,IVLSLMYGS
Olfr215,237,IVLSLMYGS
Olfr765,237,IVISLSYGS
Olfr767,237,IVISLSYGS
Olfr820,237,IVVSLSYGS
Olfr769,237,IVVSITYGS
Olfr791,237,IVVSITYGS
Olfr780,237,IVVSITYGS
Olfr777,236,IVVSITYGS
Olfr800,236,IVVSITYGS
Olfr771,236,IVVSITYGS
Olfr770,235,IVVSITYGS
Olfr772,236,IVVSITYGS
Olfr773,236,IVVSITYGS
Olfr781,236,IVVSITYGS
Olfr799,236,IVVSITYGS
Olfr794,237,IVVSIMYGS
Olfr768,237,IVVSITYGS
Olfr774,237,IVISISYGS
Olfr787,237,IVISISYGS
Olfr775,237,IVISISYGS
Olfr776,237,IVISISYGS
Olfr803,237,IVISMSYGS
Olfr788,236,IVISLSYGS
Olfr786,237,IVISISYGS
Olfr802,237,IVISISYGS
Olfr792,237,IVVSISYGS
Olfr798,237,IVVSISYGS
Olfr809,239,IVVSISYGS
Olfr813,237,IVISISYGS
Olfr808,237,IVVSISYGS
Olfr790,239,IVVSLSYGS
Olfr821,237,VVVSISYGS
Olfr810,237,IVISLSYGS
Olfr816,237,IVISISYGS
Olfr822,237,IVISISYGS
Olfr782,237,IVVSITYGS
Olfr804,237,IVVSITYGS
Olfr784,237,VVVSITYGS
Olfr801,237,VVVSITYGS
Olfr805,237,VVVSITYGS
Olfr806,237,VVVSITYGS
Olfr811,237,VVVSITYGS
Olfr812,237,VVVSITYGS
Olfr818,236,VVVSITYGS
Olfr814,237,IVVSLTYGS
Olfr815,239,IVVSLTYGS
Olfr807,237,IVVSISYGS
Olfr49,237,IVVSLFYGS
Olfr459,239,TFVVIGYGT
Olfr460,239,TCVVIGYGC
Olfr461,238,TYVVIGYGS
Olfr308,239,TVVLIWYGS
Olfr523,239,TVVLIWYGS
Olfr986,237,TVVSLLYGA
Olfr750,240,MVVTLFYGS
Olfr231,231,AVFLLFFGS
Olfr420,241,TVFLLFFGS
Olfr424,238,GVFLMFYGS
Olfr427,238,TIFVLFFGS
Olfr429,239,TVVLIFYGS
Olfr430,239,IVVLIFFGS
Olfr738,241,TVVSLFYGS
Olfr744,241,AVVALFYGS
Olfr739,239,TVVSLFYGS
Olfr740,241,TVVLLFYGS
Olfr741,241,TVVSLFYCS
Olfr742,241,TVVSLFYCS
Olfr743,241,TVVSLFYGS
Olfr736,241,AVVFLFYGS
Olfr747,240,VVVSLFYGT
Olfr749,240,VVVSLFYGT
Olfr745,241,VVVSLFYGT
Olfr746,241,LVVSLFYGT
Olfr748,241,LVVSLFYGT
Olfr432,241,TVVTLFFGS
Olfr433,241,TVVALFYAS
Olfr243,243,CVFLEFYLL
Olfr628,243,CVFLEFYLL
Olfr68,243,CVFLQFYLL
Olfr69,243,CVFLQFYLL
Olfr597,242,FVFLEFYIL
Olfr598,242,FVFLEFYIL
Olfr599,242,VVFLEFYIL
Olfr553,243,CAILVFYIP
Olfr554,243,CAILIFYVP
Olfr551,241,GVILLFYTP
Olfr552,242,GAILAFYTP
Olfr591,242,CVILVFYTP
Olfr593,242,CVILVSYTP
Olfr601,242,CVIVVFYST
Olfr605,242,CVILVFYST
Olfr582,242,GVILTLYIP
Olfr584,242,GVILTLYIP
Olfr569,242,CVILAFYIP
Olfr656,242,CVILISYTP
Olfr685,242,CVILIFYVP
Olfr608,242,CTILAFYTP
Olfr622,242,CTILVSYIP
Olfr629,242,CTILAFYTP
Olfr547,242,CIIILFYGP
Olfr549,242,GVISMFYLP
Olfr690,242,GVILLFFIP
Olfr691,242,CVILMFYVP
Olfr648,242,CVILMFYTP
Olfr649,242,CVILMFYIP
Olfr652,242,CVILIFYTP
Olfr651,242,CVILMFYTP
Olfr617,242,CVILLFYTP
Olfr619,242,CVILLFYMP
Olfr618,242,CVILLFYTP
Olfr67,242,CVILLFYTP
Olfr646,239,GVILVFYIP
Olfr653,242,CVILVFYIP
Olfr589,241,CVILAFYTP
Olfr594,241,CVILAFYTP
Olfr678,241,SVMLAFYLP
Olfr596,241,CVILAFYTP
Olfr603,241,CVILAFYTP
Olfr670,241,CVILAFFTP
Olfr677,241,CIMLCFYTP
Olfr671,241,GVILTFFTP
Olfr675,241,GVILTFFTP
Olfr676,241,CVILAFFGP
Olfr672,241,CVILAFFTP
Olfr592,241,AVLCVFYIP
Olfr503,242,CAIVFSYSP
Olfr658,242,CAIVFSYSP
Olfr659,243,CAIVFSYSP
Olfr669,242,SAIIITYVP
Olfr666,242,CAIVITYVP
Olfr668,242,CAIVITYVP
Olfr667,242,CAIVITYVP
Olfr665,242,CAIVITYVP
Olfr686,242,CVILFFYGP
Olfr654,242,CVMLVSYTP
Olfr655,240,FVILITYVP
Olfr692,243,CVILAFYVP
Olfr600,242,CVIGLFYSP
Olfr33,243,LAVLVFYIP
Olfr559,243,LAVLVFYIP
Olfr635,242,LAVLVLYVP
Olfr638,242,LAVLVLYVP
Olfr577,242,SAVLLFYTP
Olfr578,242,CAVLLFYIP
Olfr620,242,SAVLVFYIP
Olfr624,238,SAVLVFYIP
Olfr606,242,CAVLILYVP
Olfr630,242,CAVLILYVP
Olfr623,242,CCILVFYVT
Olfr65,242,CCILVFYVT
Olfr64,240,SCVLVFYIT
Olfr66,240,SCVLVFYIT
Olfr632,242,LAVLCFYVP
Olfr609,241,CSVLLFYTP
Olfr610,242,CAVLLFYTP
Olfr611,242,CAVVLFFTP
Olfr612,242,CAVVLFFTP
Olfr550,242,CIVLIFYLP
Olfr570,241,CAVLIFYVP
Olfr575,241,CAVLIFYVP
Olfr576,241,CAVLIFYVP
Olfr586,241,CAVLIFYVP
Olfr555,242,CAVLLFYIP
Olfr572,242,CAVLIFYVP
Olfr557,243,CAVLVFYVP
Olfr78,241,SVVLAFYVP
Olfr558,241,CAVFIFYVP
Olfr633,243,CAVLVYYVP
Olfr639,243,CAVLIYYVP
Olfr640,243,CAVLAFYVP
Olfr641,243,LAVLAFYVP
Olfr643,243,CAVLIFYVP
Olfr644,243,CAVLIFYVP
Olfr642,243,SAVLIFYVP
Olfr645,243,LAVLIFYVP
Olfr631,243,CAVLVFFVP
Olfr560,241,GAVAIFYIP
Olfr564,241,GAVAVFYIP
Olfr561,241,SAVAIFYIP
Olfr583,241,AAVAVFYIP
Olfr585,240,AAVAVFYIP
Olfr566,241,GAVAVFYIP
Olfr568,238,SAVAIFYIP
Olfr574,242,CAVTIFYVP
Olfr615,242,FIVFIYYGP
Olfr616,242,FTVFIFYVP
Olfr613,242,CTVLVFYLP
Olfr571,241,SAVLLFYIP
Olfr504,242,ILTLFY-TV
Olfr657,242,ILILFFYTV
Olfr688,242,ILIMFYYTA
Olfr689,242,ILIMFYYTA
Olfr661,242,ILIFFFYTV
Olfr663,242,ILIFFFYTV
Olfr679,242,ILILFFSTI
Olfr681,242,ILILFFSTI
Olfr683,242,ILILFFSTV
Olfr684,242,ILILFFSTV
Olfr544,242,LVIFTVYSS
Olfr545,242,LVIFTVYSS
Olfr543,242,LVILTIYLS
Olfr520,243,LVVGTYYSS
Olfr521,243,LVVGTYYSS
Olfr556,244,GVMALYYLP
Olfr789,237,IVISISYGS
Olfr391,243,SVVTLFYGT
Olfr406,243,SVVALFFGT
Olfr607,242,CVILIFYTL
Olfr209,244,SSVSLFYGT
Olfr27,245,SAVAIFYGS
Olfr1564,242,TVVVVHYGF
Olfr785,237,IVISMSYGS
Olfr715b,243,MVVILFYGS
Olfr329,241,TVVTLFYGA
Olfr1274,238,TVVVIFFAP
Olfr1375,242,SVVILFYGT
Olfr237,242,CVVGLFFGS
Olfr1358,245,TVVIVHFGC
Olfr471,238,TAVTLFYGT
Olfr1537,245,SAVAIFYGS
Olfr1116,231,IVVILFYGT