olfactory receptor 1,,olfactory receptor 1
olfactory receptor 10,,olfactory receptor 10
olfactory receptor 1000,,olfactory receptor 1000
olfactory receptor 1002,,olfactory receptor 1002
olfactory receptor 1006,,olfactory receptor 1006
olfactory receptor 1008,,olfactory receptor 1008
olfactory receptor 1009,,olfactory receptor 1009
olfactory receptor 101,,olfactory receptor 101
olfactory receptor 1010,,olfactory receptor 1010
olfactory receptor 1012,,olfactory receptor 1012
olfactory receptor 1013,,olfactory receptor 1013
olfactory receptor 1014,,olfactory receptor 1014
olfactory receptor 1015,,olfactory receptor 1015
olfactory receptor 1016,,olfactory receptor 1016
olfactory receptor 1018,,olfactory receptor 1018
olfactory receptor 1019,,olfactory receptor 1019
olfactory receptor 102,,olfactory receptor 102
olfactory receptor 1020,,olfactory receptor 1020
olfactory receptor 1022,,olfactory receptor 1022
olfactory receptor 1023,,olfactory receptor 1023
olfactory receptor 1024,,olfactory receptor 1024
olfactory receptor 1026,,olfactory receptor 1026
olfactory receptor 1028,,olfactory receptor 1028
olfactory receptor 1029,,olfactory receptor 1029
olfactory receptor 103,,olfactory receptor 103
olfactory receptor 1030,,olfactory receptor 1030
olfactory receptor 1031,,olfactory receptor 1031
olfactory receptor 1032,,olfactory receptor 1032
olfactory receptor 1033,,olfactory receptor 1033
olfactory receptor 1034,,olfactory receptor 1034
olfactory receptor 1036,,olfactory receptor 1036
olfactory receptor 1037,,olfactory receptor 1037
olfactory receptor 1039,,olfactory receptor 1039
olfactory receptor 1040,,olfactory receptor 1040
olfactory receptor 1042,,olfactory receptor 1042
olfactory receptor 1043,,olfactory receptor 1043
olfactory receptor 1044,,olfactory receptor 1044
olfactory receptor 1045,,olfactory receptor 1045
olfactory receptor 1046,,olfactory receptor 1046
olfactory receptor 1047,,olfactory receptor 1047
olfactory receptor 1048,,olfactory receptor 1048
olfactory receptor 1049,,olfactory receptor 1049
olfactory receptor 1051,,olfactory receptor 1051
olfactory receptor 1052,,olfactory receptor 1052
olfactory receptor 1053,,olfactory receptor 1053
olfactory receptor 1054,,olfactory receptor 1054
olfactory receptor 1055,,olfactory receptor 1055
olfactory receptor 1056,,olfactory receptor 1056
olfactory receptor 1057,,olfactory receptor 1057
olfactory receptor 1058,,olfactory receptor 1058
olfactory receptor 1061,,olfactory receptor 1061
olfactory receptor 1062,,olfactory receptor 1062
olfactory receptor 1065,,olfactory receptor 1065
olfactory receptor 1066,,olfactory receptor 1066
olfactory receptor 107,,olfactory receptor 107
olfactory receptor 1076,,olfactory receptor 1076
olfactory receptor 1079,,olfactory receptor 1079
olfactory receptor 108,,olfactory receptor 108
olfactory receptor 1080,,olfactory receptor 1080
olfactory receptor 1082,,olfactory receptor 1082
olfactory receptor 1084,,olfactory receptor 1084
olfactory receptor 1085,,olfactory receptor 1085
olfactory receptor 1086,,olfactory receptor 1086
olfactory receptor 1087,,olfactory receptor 1087
olfactory receptor 1089,,olfactory receptor 1089
olfactory receptor 109,,olfactory receptor 109
olfactory receptor 1090,,olfactory receptor 1090
olfactory receptor 1093,,olfactory receptor 1093
olfactory receptor 1094,,olfactory receptor 1094
olfactory receptor 1095,,olfactory receptor 1095
olfactory receptor 1097,,olfactory receptor 1097
olfactory receptor 1098,,olfactory receptor 1098
olfactory receptor 1099,,olfactory receptor 1099
olfactory receptor 11,,olfactory receptor 11
olfactory receptor 110,,olfactory receptor 110
olfactory receptor 1100,,olfactory receptor 1100
olfactory receptor 1101,,olfactory receptor 1101
olfactory receptor 1102,,olfactory receptor 1102
olfactory receptor 1104,,olfactory receptor 1104
olfactory receptor 1105,,olfactory receptor 1105
olfactory receptor 1106,,olfactory receptor 1106
olfactory receptor 1107,,olfactory receptor 1107
olfactory receptor 1109,,olfactory receptor 1109
olfactory receptor 111,,olfactory receptor 111
olfactory receptor 1110,,olfactory receptor 1110
olfactory receptor 1111,,olfactory receptor 1111
olfactory receptor 1112,,olfactory receptor 1112
olfactory receptor 1113,,olfactory receptor 1113
olfactory receptor 1115,,olfactory receptor 1115
olfactory receptor 1116,,olfactory receptor 1116
olfactory receptor 1118,,olfactory receptor 1118
olfactory receptor 112,,olfactory receptor 112
olfactory receptor 1120,,olfactory receptor 1120
olfactory receptor 1121,,olfactory receptor 1121
olfactory receptor 1122,,olfactory receptor 1122
olfactory receptor 1123,,olfactory receptor 1123
olfactory receptor 1124,,olfactory receptor 1124
olfactory receptor 1126,,olfactory receptor 1126
olfactory receptor 1128,,olfactory receptor 1128
olfactory receptor 1129,,olfactory receptor 1129
olfactory receptor 113,,olfactory receptor 113
olfactory receptor 1130,,olfactory receptor 1130
olfactory receptor 1131,,olfactory receptor 1131
olfactory receptor 1132,,olfactory receptor 1132
olfactory receptor 1133,,olfactory receptor 1133
olfactory receptor 1134,,olfactory receptor 1134
olfactory receptor 1135,,olfactory receptor 1135
olfactory receptor 1136,,olfactory receptor 1136
olfactory receptor 1137,,olfactory receptor 1137
olfactory receptor 1138,,olfactory receptor 1138
olfactory receptor 114,,olfactory receptor 114
olfactory receptor 1140,,olfactory receptor 1140
olfactory receptor 1141,,olfactory receptor 1141
olfactory receptor 1143,,olfactory receptor 1143
olfactory receptor 1145,,olfactory receptor 1145
olfactory receptor 1148,,olfactory receptor 1148
olfactory receptor 115,,olfactory receptor 115
olfactory receptor 1151,,olfactory receptor 1151
olfactory receptor 1152,,olfactory receptor 1152
olfactory receptor 1153,,olfactory receptor 1153
olfactory receptor 1154,,olfactory receptor 1154
olfactory receptor 1155,,olfactory receptor 1155
olfactory receptor 1156,,olfactory receptor 1156
olfactory receptor 1157,,olfactory receptor 1157
olfactory receptor 1158,,olfactory receptor 1158
olfactory receptor 116,,olfactory receptor 116
olfactory receptor 1160,,olfactory receptor 1160
olfactory receptor 1161,,olfactory receptor 1161
olfactory receptor 1162,,olfactory receptor 1162
olfactory receptor 1163,,olfactory receptor 1163
olfactory receptor 1164,,olfactory receptor 1164
olfactory receptor 1166,,olfactory receptor 1166
olfactory receptor 1167,,olfactory receptor 1167
olfactory receptor 1168,,olfactory receptor 1168
olfactory receptor 117,,olfactory receptor 117
olfactory receptor 1170,,olfactory receptor 1170
olfactory receptor 1173,,olfactory receptor 1173
olfactory receptor 1176,,olfactory receptor 1176
olfactory receptor 1178,,olfactory receptor 1178
olfactory receptor 1179,,olfactory receptor 1179
olfactory receptor 118,,olfactory receptor 118
olfactory receptor 1180,,olfactory receptor 1180
olfactory receptor 1181,,olfactory receptor 1181
olfactory receptor 1182,,olfactory receptor 1182
olfactory receptor 1183,,olfactory receptor 1183
olfactory receptor 1184,,olfactory receptor 1184
olfactory receptor 1186,,olfactory receptor 1186
olfactory receptor 1188,,olfactory receptor 1188
olfactory receptor 1189,,olfactory receptor 1189
olfactory receptor 119,,olfactory receptor 119
olfactory receptor 1193,,olfactory receptor 1193
olfactory receptor 1195,,olfactory receptor 1195
olfactory receptor 1196,,olfactory receptor 1196
olfactory receptor 1197,,olfactory receptor 1197
olfactory receptor 1198,,olfactory receptor 1198
olfactory receptor 1199,,olfactory receptor 1199
olfactory receptor 12,,olfactory receptor 12
olfactory receptor 120,,olfactory receptor 120
olfactory receptor 1200,,olfactory receptor 1200
olfactory receptor 1201,,olfactory receptor 1201
olfactory receptor 1202,,olfactory receptor 1202
olfactory receptor 1204,,olfactory receptor 1204
olfactory receptor 1205,,olfactory receptor 1205
olfactory receptor 1206,,olfactory receptor 1206
olfactory receptor 1208,,olfactory receptor 1208
olfactory receptor 1209,,olfactory receptor 1209
olfactory receptor 121,,olfactory receptor 121
olfactory receptor 1211,,olfactory receptor 1211
olfactory receptor 1212,,olfactory receptor 1212
olfactory receptor 1213,,olfactory receptor 1213
olfactory receptor 1214,,olfactory receptor 1214
olfactory receptor 1215,,olfactory receptor 1215
olfactory receptor 1216,,olfactory receptor 1216
olfactory receptor 1217,,olfactory receptor 1217
olfactory receptor 1218,,olfactory receptor 1218
olfactory receptor 1219,,olfactory receptor 1219
olfactory receptor 122,,olfactory receptor 122
olfactory receptor 1220,,olfactory receptor 1220
olfactory receptor 1221,,olfactory receptor 1221
olfactory receptor 1222,,olfactory receptor 1222
olfactory receptor 1223,,olfactory receptor 1223
olfactory receptor 1225,,olfactory receptor 1225
olfactory receptor 1226,,olfactory receptor 1226
olfactory receptor 1228,,olfactory receptor 1228
olfactory receptor 1229,,olfactory receptor 1229
olfactory receptor 123,,olfactory receptor 123
olfactory receptor 1230,,olfactory receptor 1230
olfactory receptor 1231,,olfactory receptor 1231
olfactory receptor 1232,,olfactory receptor 1232
olfactory receptor 1233,,olfactory receptor 1233
olfactory receptor 1234,,olfactory receptor 1234
olfactory receptor 1238,,olfactory receptor 1238
olfactory receptor 1239,,olfactory receptor 1239
olfactory receptor 124,,olfactory receptor 124
olfactory receptor 1240,,olfactory receptor 1240
olfactory receptor 1241,,olfactory receptor 1241
olfactory receptor 1242,,olfactory receptor 1242
olfactory receptor 1243,,olfactory receptor 1243
olfactory receptor 1245,,olfactory receptor 1245
olfactory receptor 1246,,olfactory receptor 1246
olfactory receptor 1247,,olfactory receptor 1247
olfactory receptor 1248,,olfactory receptor 1248
olfactory receptor 1249,,olfactory receptor 1249
olfactory receptor 125,,olfactory receptor 125
olfactory receptor 1250,,olfactory receptor 1250
olfactory receptor 1251,,olfactory receptor 1251
olfactory receptor 1252,,olfactory receptor 1252
olfactory receptor 1253,,olfactory receptor 1253
olfactory receptor 1254,,olfactory receptor 1254
olfactory receptor 1255,,olfactory receptor 1255
olfactory receptor 1256,,olfactory receptor 1256
olfactory receptor 1257,,olfactory receptor 1257
olfactory receptor 1258,,olfactory receptor 1258
olfactory receptor 1259,,olfactory receptor 1259
olfactory receptor 126,,olfactory receptor 126
olfactory receptor 1260,,olfactory receptor 1260
olfactory receptor 1261,,olfactory receptor 1261
olfactory receptor 1262,,olfactory receptor 1262
olfactory receptor 1263,,olfactory receptor 1263
olfactory receptor 1264,,olfactory receptor 1264
olfactory receptor 1265,,olfactory receptor 1265
olfactory receptor 1269,,olfactory receptor 1269
olfactory receptor 127,,olfactory receptor 127
olfactory receptor 1270,,olfactory receptor 1270
olfactory receptor 1271,,olfactory receptor 1271
olfactory receptor 1272,,olfactory receptor 1272
olfactory receptor 1274,,olfactory receptor 1274
olfactory receptor 1275,,olfactory receptor 1275
olfactory receptor 1276,,olfactory receptor 1276
olfactory receptor 1277,,olfactory receptor 1277
olfactory receptor 1278,,olfactory receptor 1278
olfactory receptor 1279,,olfactory receptor 1279
olfactory receptor 128,,olfactory receptor 128
olfactory receptor 1280,,olfactory receptor 1280
olfactory receptor 1281,,olfactory receptor 1281
olfactory receptor 1282,,olfactory receptor 1282
olfactory receptor 1283,,olfactory receptor 1283
olfactory receptor 1284,,olfactory receptor 1284
olfactory receptor 1286,,olfactory receptor 1286
olfactory receptor 1287,,olfactory receptor 1287
olfactory receptor 1288,,olfactory receptor 1288
olfactory receptor 1289,,olfactory receptor 1289
olfactory receptor 129,,olfactory receptor 129
olfactory receptor 1290,,olfactory receptor 1290
olfactory receptor 1294,,olfactory receptor 1294
olfactory receptor 1295,,olfactory receptor 1295
olfactory receptor 1297,,olfactory receptor 1297
olfactory receptor 1298,,olfactory receptor 1298
olfactory receptor 1299,,olfactory receptor 1299
olfactory receptor 13,,olfactory receptor 13
olfactory receptor 130,,olfactory receptor 130
olfactory receptor 1301,,olfactory receptor 1301
olfactory receptor 1302,,olfactory receptor 1302
olfactory receptor 1303,,olfactory receptor 1303
olfactory receptor 1305,,olfactory receptor 1305
olfactory receptor 1306,,olfactory receptor 1306
olfactory receptor 1307,,olfactory receptor 1307
olfactory receptor 1308,,olfactory receptor 1308
olfactory receptor 1309,,olfactory receptor 1309
olfactory receptor 131,,olfactory receptor 131
olfactory receptor 1310,,olfactory receptor 1310
olfactory receptor 1311,,olfactory receptor 1311
olfactory receptor 1312,,olfactory receptor 1312
olfactory receptor 1313,,olfactory receptor 1313
olfactory receptor 1314,,olfactory receptor 1314
olfactory receptor 1316,,olfactory receptor 1316
olfactory receptor 1317,,olfactory receptor 1317
olfactory receptor 1318,,olfactory receptor 1318
olfactory receptor 132,,olfactory receptor 132
olfactory receptor 1320,,olfactory receptor 1320
olfactory receptor 1321,,olfactory receptor 1321
olfactory receptor 1322,,olfactory receptor 1322
olfactory receptor 1323,,olfactory receptor 1323
olfactory receptor 1324,,olfactory receptor 1324
olfactory receptor 1325,,olfactory receptor 1325
olfactory receptor 1328,,olfactory receptor 1328
olfactory receptor 1329,,olfactory receptor 1329
olfactory receptor 133,,olfactory receptor 133
olfactory receptor 1330,,olfactory receptor 1330
olfactory receptor 1331,,olfactory receptor 1331
olfactory receptor 1333,,olfactory receptor 1333
olfactory receptor 1335,,olfactory receptor 1335
olfactory receptor 1336,,olfactory receptor 1336
olfactory receptor 1337,,olfactory receptor 1337
olfactory receptor 1338,,olfactory receptor 1338
olfactory receptor 1339,,olfactory receptor 1339
olfactory receptor 134,,olfactory receptor 134
olfactory receptor 1340,,olfactory receptor 1340
olfactory receptor 1341,,olfactory receptor 1341
olfactory receptor 1342,,olfactory receptor 1342
olfactory receptor 1344,,olfactory receptor 1344
olfactory receptor 1346,,olfactory receptor 1346
olfactory receptor 1347,,olfactory receptor 1347
olfactory receptor 1348,,olfactory receptor 1348
olfactory receptor 1349,,olfactory receptor 1349
olfactory receptor 135,,olfactory receptor 135
olfactory receptor 1350,,olfactory receptor 1350
olfactory receptor 1351,,olfactory receptor 1351
olfactory receptor 1352,,olfactory receptor 1352
olfactory receptor 1353,,olfactory receptor 1353
olfactory receptor 1354,,olfactory receptor 1354
olfactory receptor 1355,,olfactory receptor 1355
olfactory receptor 1356,,olfactory receptor 1356
olfactory receptor 1357,,olfactory receptor 1357
olfactory receptor 1358,,olfactory receptor 1358
olfactory receptor 1359,,olfactory receptor 1359
olfactory receptor 136,,olfactory receptor 136
olfactory receptor 1360,,olfactory receptor 1360
olfactory receptor 1361,,olfactory receptor 1361
olfactory receptor 1362,,olfactory receptor 1362
olfactory receptor 1364,,olfactory receptor 1364
olfactory receptor 1366,,olfactory receptor 1366
olfactory receptor 1367,,olfactory receptor 1367
olfactory receptor 1368,,olfactory receptor 1368
olfactory receptor 137,,olfactory receptor 137
olfactory receptor 1370,,olfactory receptor 1370
olfactory receptor 1371,,olfactory receptor 1371
olfactory receptor 1373,,olfactory receptor 1373
olfactory receptor 1375,,olfactory receptor 1375
olfactory receptor 1377,,olfactory receptor 1377
olfactory receptor 1378,,olfactory receptor 1378
olfactory receptor 138,,olfactory receptor 138
olfactory receptor 1380,,olfactory receptor 1380
olfactory receptor 1381,,olfactory receptor 1381
olfactory receptor 1382,,olfactory receptor 1382
olfactory receptor 1383,,olfactory receptor 1383
olfactory receptor 1384,,olfactory receptor 1384
olfactory receptor 1385,,olfactory receptor 1385
olfactory receptor 1386,,olfactory receptor 1386
olfactory receptor 1387,,olfactory receptor 1387
olfactory receptor 1388,,olfactory receptor 1388
olfactory receptor 1389,,olfactory receptor 1389
olfactory receptor 139,,olfactory receptor 139
olfactory receptor 1390,,olfactory receptor 1390
olfactory receptor 1391,,olfactory receptor 1391
olfactory receptor 1392,,olfactory receptor 1392
olfactory receptor 1393,,olfactory receptor 1393
olfactory receptor 1394,,olfactory receptor 1394
olfactory receptor 1395,,olfactory receptor 1395
olfactory receptor 1396,,olfactory receptor 1396
olfactory receptor 140,,olfactory receptor 140
olfactory receptor 1402,,olfactory receptor 1402
olfactory receptor 1404,,olfactory receptor 1404
olfactory receptor 1406,,olfactory receptor 1406
olfactory receptor 1408,,olfactory receptor 1408
olfactory receptor 141,,olfactory receptor 141
olfactory receptor 1410,,olfactory receptor 1410
olfactory receptor 1411,,olfactory receptor 1411
olfactory receptor 1412,,olfactory receptor 1412
olfactory receptor 1413,,olfactory receptor 1413
olfactory receptor 1414,,olfactory receptor 1414
olfactory receptor 1415,,olfactory receptor 1415
olfactory receptor 1416,,olfactory receptor 1416
olfactory receptor 1417,,olfactory receptor 1417
olfactory receptor 1418,,olfactory receptor 1418
olfactory receptor 1419,,olfactory receptor 1419
olfactory receptor 142,,olfactory receptor 142
olfactory receptor 1420,,olfactory receptor 1420
olfactory receptor 1423,,olfactory receptor 1423
olfactory receptor 1424,,olfactory receptor 1424
olfactory receptor 1425,,olfactory receptor 1425
olfactory receptor 1426,,olfactory receptor 1426
olfactory receptor 1427,,olfactory receptor 1427
olfactory receptor 1428,,olfactory receptor 1428
olfactory receptor 143,,olfactory receptor 143
olfactory receptor 1431,,olfactory receptor 1431
olfactory receptor 1436,,olfactory receptor 1436
olfactory receptor 1437,,olfactory receptor 1437
olfactory receptor 1440,,olfactory receptor 1440
olfactory receptor 1441,,olfactory receptor 1441
olfactory receptor 1442,,olfactory receptor 1442
olfactory receptor 1443,,olfactory receptor 1443
olfactory receptor 1444,,olfactory receptor 1444
olfactory receptor 1445,,olfactory receptor 1445
olfactory receptor 1446,,olfactory receptor 1446
olfactory receptor 1447,,olfactory receptor 1447
olfactory receptor 1448,,olfactory receptor 1448
olfactory receptor 1449,,olfactory receptor 1449
olfactory receptor 145,,olfactory receptor 145
olfactory receptor 1450,,olfactory receptor 1450
olfactory receptor 1451,,olfactory receptor 1451
olfactory receptor 1453,,olfactory receptor 1453
olfactory receptor 1454,,olfactory receptor 1454
olfactory receptor 1457,,olfactory receptor 1457
olfactory receptor 1459,,olfactory receptor 1459
olfactory receptor 146,,olfactory receptor 146
olfactory receptor 1461,,olfactory receptor 1461
olfactory receptor 1462,,olfactory receptor 1462
olfactory receptor 1463,,olfactory receptor 1463
olfactory receptor 1465,,olfactory receptor 1465
olfactory receptor 1466,,olfactory receptor 1466
olfactory receptor 1467,,olfactory receptor 1467
olfactory receptor 1469,,olfactory receptor 1469
olfactory receptor 147,,olfactory receptor 147
olfactory receptor 1471,,olfactory receptor 1471
olfactory receptor 1472,,olfactory receptor 1472
olfactory receptor 1474,,olfactory receptor 1474
olfactory receptor 1475,,olfactory receptor 1475
olfactory receptor 1477,,olfactory receptor 1477
olfactory receptor 148,,olfactory receptor 148
olfactory receptor 1480,,olfactory receptor 1480
olfactory receptor 1484,,olfactory receptor 1484
olfactory receptor 1487,,olfactory receptor 1487
olfactory receptor 1489,,olfactory receptor 1489
olfactory receptor 149,,olfactory receptor 149
olfactory receptor 1490,,olfactory receptor 1490
olfactory receptor 1491,,olfactory receptor 1491
olfactory receptor 1494,,olfactory receptor 1494
olfactory receptor 1495,,olfactory receptor 1495
olfactory receptor 1496,,olfactory receptor 1496
olfactory receptor 1497,,olfactory receptor 1497
olfactory receptor 1499,,olfactory receptor 1499
olfactory receptor 15,,olfactory receptor 15
olfactory receptor 150,,olfactory receptor 150
olfactory receptor 1500,,olfactory receptor 1500
olfactory receptor 1501,,olfactory receptor 1501
olfactory receptor 1502,,olfactory receptor 1502
olfactory receptor 1504,,olfactory receptor 1504
olfactory receptor 1505,,olfactory receptor 1505
olfactory receptor 1506,,olfactory receptor 1506
olfactory receptor 1507,,olfactory receptor 1507
olfactory receptor 1508,,olfactory receptor 1508
olfactory receptor 1509,,olfactory receptor 1509
olfactory receptor 151,,olfactory receptor 151
olfactory receptor 1510,,olfactory receptor 1510
olfactory receptor 1511,,olfactory receptor 1511
olfactory receptor 1512,,olfactory receptor 1512
olfactory receptor 1513,,olfactory receptor 1513
olfactory receptor 152,,olfactory receptor 152
olfactory receptor 153,,olfactory receptor 153
olfactory receptor 1535,,olfactory receptor 1535
olfactory receptor 1537,,olfactory receptor 1537
olfactory receptor 154,,olfactory receptor 154
olfactory receptor 155,,olfactory receptor 155
olfactory receptor 156,,olfactory receptor 156
olfactory receptor 1564,,olfactory receptor 1564
olfactory receptor 157,,olfactory receptor 157
olfactory receptor 159,,olfactory receptor 159
olfactory receptor 16,,olfactory receptor 16
olfactory receptor 160,,olfactory receptor 160
olfactory receptor 161,,olfactory receptor 161
olfactory receptor 164,,olfactory receptor 164
olfactory receptor 165,,olfactory receptor 165
olfactory receptor 166,,olfactory receptor 166
olfactory receptor 167,,olfactory receptor 167
olfactory receptor 168,,olfactory receptor 168
olfactory receptor 169,,olfactory receptor 169
olfactory receptor 17,,olfactory receptor 17
olfactory receptor 170,,olfactory receptor 170
olfactory receptor 171,,olfactory receptor 171
olfactory receptor 172,,olfactory receptor 172
olfactory receptor 173,,olfactory receptor 173
olfactory receptor 177,,olfactory receptor 177
olfactory receptor 178,,olfactory receptor 178
olfactory receptor 18,,olfactory receptor 18
olfactory receptor 180,,olfactory receptor 180
olfactory receptor 181,,olfactory receptor 181
olfactory receptor 183,,olfactory receptor 183
olfactory receptor 186,,olfactory receptor 186
olfactory receptor 187,,olfactory receptor 187
olfactory receptor 19,,olfactory receptor 19
olfactory receptor 190,,olfactory receptor 190
olfactory receptor 191,,olfactory receptor 191
olfactory receptor 192,,olfactory receptor 192
olfactory receptor 193,,olfactory receptor 193
olfactory receptor 194,,olfactory receptor 194
olfactory receptor 195,,olfactory receptor 195
olfactory receptor 196,,olfactory receptor 196
olfactory receptor 197,,olfactory receptor 197
olfactory receptor 198,,olfactory receptor 198
olfactory receptor 199,,olfactory receptor 199
olfactory receptor 2,,olfactory receptor 2
olfactory receptor 20,,olfactory receptor 20
olfactory receptor 201,,olfactory receptor 201
olfactory receptor 202,,olfactory receptor 202
olfactory receptor 203,,olfactory receptor 203
olfactory receptor 204,,olfactory receptor 204
olfactory receptor 205,,olfactory receptor 205
olfactory receptor 206,,olfactory receptor 206
olfactory receptor 209,,olfactory receptor 209
olfactory receptor 211,,olfactory receptor 211
olfactory receptor 212,,olfactory receptor 212
olfactory receptor 213,,olfactory receptor 213
olfactory receptor 214,,olfactory receptor 214
olfactory receptor 215,,olfactory receptor 215
olfactory receptor 218,,olfactory receptor 218
olfactory receptor 220,,olfactory receptor 220
olfactory receptor 221,,olfactory receptor 221
olfactory receptor 222,,olfactory receptor 222
olfactory receptor 223,,olfactory receptor 223
olfactory receptor 224,,olfactory receptor 224
olfactory receptor 225,,olfactory receptor 225
olfactory receptor 228,,olfactory receptor 228
olfactory receptor 229,,olfactory receptor 229
olfactory receptor 23,,olfactory receptor 23
olfactory receptor 231,,olfactory receptor 231
olfactory receptor 235,,olfactory receptor 235
olfactory receptor 237,,olfactory receptor 237
olfactory receptor 239,,olfactory receptor 239
olfactory receptor 24,,olfactory receptor 24
olfactory receptor 243,,olfactory receptor 243
olfactory receptor 247,,olfactory receptor 247
olfactory receptor 248,,olfactory receptor 248
olfactory receptor 25,,olfactory receptor 25
olfactory receptor 250,,olfactory receptor 250
olfactory receptor 251,,olfactory receptor 251
olfactory receptor 259,,olfactory receptor 259
olfactory receptor 26,,olfactory receptor 26
olfactory receptor 262,,olfactory receptor 262
olfactory receptor 263,,olfactory receptor 263
olfactory receptor 266,,olfactory receptor 266
olfactory receptor 267,,olfactory receptor 267
olfactory receptor 27,,olfactory receptor 27
olfactory receptor 270,,olfactory receptor 270
olfactory receptor 272,,olfactory receptor 272
olfactory receptor 273,,olfactory receptor 273
olfactory receptor 275,,olfactory receptor 275
olfactory receptor 279,,olfactory receptor 279
olfactory receptor 281,,olfactory receptor 281
olfactory receptor 282,,olfactory receptor 282
olfactory receptor 283,,olfactory receptor 283
olfactory receptor 284,,olfactory receptor 284
olfactory receptor 285,,olfactory receptor 285
olfactory receptor 286,,olfactory receptor 286
olfactory receptor 287,,olfactory receptor 287
olfactory receptor 288,,olfactory receptor 288
olfactory receptor 290,,olfactory receptor 290
olfactory receptor 291,,olfactory receptor 291
olfactory receptor 292,,olfactory receptor 292
olfactory receptor 293,,olfactory receptor 293
olfactory receptor 294,,olfactory receptor 294
olfactory receptor 295,,olfactory receptor 295
olfactory receptor 297,,olfactory receptor 297
olfactory receptor 298,,olfactory receptor 298
olfactory receptor 299,,olfactory receptor 299
olfactory receptor 3,,olfactory receptor 3
olfactory receptor 30,,olfactory receptor 30
olfactory receptor 301,,olfactory receptor 301
olfactory receptor 303,,olfactory receptor 303
olfactory receptor 304,,olfactory receptor 304
olfactory receptor 305,,olfactory receptor 305
olfactory receptor 307,,olfactory receptor 307
olfactory receptor 308,,olfactory receptor 308
olfactory receptor 309,,olfactory receptor 309
olfactory receptor 31,,olfactory receptor 31
olfactory receptor 310,,olfactory receptor 310
olfactory receptor 311,,olfactory receptor 311
olfactory receptor 312,,olfactory receptor 312
olfactory receptor 313,,olfactory receptor 313
olfactory receptor 314,,olfactory receptor 314
olfactory receptor 315,,olfactory receptor 315
olfactory receptor 316,,olfactory receptor 316
olfactory receptor 317,,olfactory receptor 317
olfactory receptor 318,,olfactory receptor 318
olfactory receptor 319,,olfactory receptor 319
olfactory receptor 32,,olfactory receptor 32
olfactory receptor 320,,olfactory receptor 320
olfactory receptor 323,,olfactory receptor 323
olfactory receptor 324,,olfactory receptor 324
olfactory receptor 325,,olfactory receptor 325
olfactory receptor 328,,olfactory receptor 328
olfactory receptor 329,,olfactory receptor 329
olfactory receptor 33,,olfactory receptor 33
olfactory receptor 330,,olfactory receptor 330
olfactory receptor 331,,olfactory receptor 331
olfactory receptor 332,,olfactory receptor 332
olfactory receptor 338,,olfactory receptor 338
olfactory receptor 339,,olfactory receptor 339
olfactory receptor 340,,olfactory receptor 340
olfactory receptor 341,,olfactory receptor 341
olfactory receptor 342,,olfactory receptor 342
olfactory receptor 344,,olfactory receptor 344
olfactory receptor 345,,olfactory receptor 345
olfactory receptor 346,,olfactory receptor 346
olfactory receptor 347,,olfactory receptor 347
olfactory receptor 348,,olfactory receptor 348
olfactory receptor 350,,olfactory receptor 350
olfactory receptor 351,,olfactory receptor 351
olfactory receptor 352,,olfactory receptor 352
olfactory receptor 353,,olfactory receptor 353
olfactory receptor 354,,olfactory receptor 354
olfactory receptor 355,,olfactory receptor 355
olfactory receptor 356,,olfactory receptor 356
olfactory receptor 357,,olfactory receptor 357
olfactory receptor 358,,olfactory receptor 358
olfactory receptor 360,,olfactory receptor 360
olfactory receptor 361,,olfactory receptor 361
olfactory receptor 362,,olfactory receptor 362
olfactory receptor 365,,olfactory receptor 365
olfactory receptor 366,,olfactory receptor 366
olfactory receptor 368,,olfactory receptor 368
olfactory receptor 370,,olfactory receptor 370
olfactory receptor 371,,olfactory receptor 371
olfactory receptor 372,,olfactory receptor 372
olfactory receptor 373,,olfactory receptor 373
olfactory receptor 374,,olfactory receptor 374
olfactory receptor 376,,olfactory receptor 376
olfactory receptor 378,,olfactory receptor 378
olfactory receptor 38,,olfactory receptor 38
olfactory receptor 380,,olfactory receptor 380
olfactory receptor 381,,olfactory receptor 381
olfactory receptor 382,,olfactory receptor 382
olfactory receptor 384,,olfactory receptor 384
olfactory receptor 385,,olfactory receptor 385
olfactory receptor 389,,olfactory receptor 389
olfactory receptor 39,,olfactory receptor 39
olfactory receptor 390,,olfactory receptor 390
olfactory receptor 391,,olfactory receptor 391
olfactory receptor 392,,olfactory receptor 392
olfactory receptor 393,,olfactory receptor 393
olfactory receptor 394,,olfactory receptor 394
olfactory receptor 395,,olfactory receptor 395
olfactory receptor 397,,olfactory receptor 397
olfactory receptor 398,,olfactory receptor 398
olfactory receptor 399,,olfactory receptor 399
olfactory receptor 401,,olfactory receptor 401
olfactory receptor 402,,olfactory receptor 402
olfactory receptor 403,,olfactory receptor 403
olfactory receptor 406,,olfactory receptor 406
olfactory receptor 410,,olfactory receptor 410
olfactory receptor 411,,olfactory receptor 411
olfactory receptor 412,,olfactory receptor 412
olfactory receptor 414,,olfactory receptor 414
olfactory receptor 417,,olfactory receptor 417
olfactory receptor 419,,olfactory receptor 419
olfactory receptor 420,,olfactory receptor 420
olfactory receptor 424,,olfactory receptor 424
olfactory receptor 427,,olfactory receptor 427
olfactory receptor 429,,olfactory receptor 429
olfactory receptor 43,,olfactory receptor 43
olfactory receptor 430,,olfactory receptor 430
olfactory receptor 432,,olfactory receptor 432
olfactory receptor 433,,olfactory receptor 433
olfactory receptor 434,,olfactory receptor 434
olfactory receptor 435,,olfactory receptor 435
olfactory receptor 437,,olfactory receptor 437
olfactory receptor 44,,olfactory receptor 44
olfactory receptor 441,,olfactory receptor 441
olfactory receptor 444,,olfactory receptor 444
olfactory receptor 446,,olfactory receptor 446
olfactory receptor 447,,olfactory receptor 447
olfactory receptor 448,,olfactory receptor 448
olfactory receptor 449,,olfactory receptor 449
olfactory receptor 45,,olfactory receptor 45
olfactory receptor 450,,olfactory receptor 450
olfactory receptor 452,,olfactory receptor 452
olfactory receptor 453,,olfactory receptor 453
olfactory receptor 455,,olfactory receptor 455
olfactory receptor 456,,olfactory receptor 456
olfactory receptor 457,,olfactory receptor 457
olfactory receptor 458,,olfactory receptor 458
olfactory receptor 459,,olfactory receptor 459
olfactory receptor 46,,olfactory receptor 46
olfactory receptor 460,,olfactory receptor 460
olfactory receptor 461,,olfactory receptor 461
olfactory receptor 462,,olfactory receptor 462
olfactory receptor 463,,olfactory receptor 463
olfactory receptor 464,,olfactory receptor 464
olfactory receptor 466,,olfactory receptor 466
olfactory receptor 467,,olfactory receptor 467
olfactory receptor 469,,olfactory receptor 469
olfactory receptor 47,,olfactory receptor 47
olfactory receptor 470,,olfactory receptor 470
olfactory receptor 472,,olfactory receptor 472
olfactory receptor 473,,olfactory receptor 473
olfactory receptor 474,,olfactory receptor 474
olfactory receptor 476,,olfactory receptor 476
olfactory receptor 477,,olfactory receptor 477
olfactory receptor 478,,olfactory receptor 478
olfactory receptor 479,,olfactory receptor 479
olfactory receptor 48,,olfactory receptor 48
olfactory receptor 480,,olfactory receptor 480
olfactory receptor 481,,olfactory receptor 481
olfactory receptor 482,,olfactory receptor 482
olfactory receptor 483,,olfactory receptor 483
olfactory receptor 484,,olfactory receptor 484
olfactory receptor 485,,olfactory receptor 485
olfactory receptor 486,,olfactory receptor 486
olfactory receptor 487,,olfactory receptor 487
olfactory receptor 488,,olfactory receptor 488
olfactory receptor 49,,olfactory receptor 49
olfactory receptor 490,,olfactory receptor 490
olfactory receptor 491,,olfactory receptor 491
olfactory receptor 492,,olfactory receptor 492
olfactory receptor 493,,olfactory receptor 493
olfactory receptor 494,,olfactory receptor 494
olfactory receptor 495,,olfactory receptor 495
olfactory receptor 497,,olfactory receptor 497
olfactory receptor 498,,olfactory receptor 498
olfactory receptor 5,,olfactory receptor 5
olfactory receptor 50,,olfactory receptor 50
olfactory receptor 502,,olfactory receptor 502
olfactory receptor 503,,olfactory receptor 503
olfactory receptor 504,,olfactory receptor 504
olfactory receptor 506,,olfactory receptor 506
olfactory receptor 507,,olfactory receptor 507
olfactory receptor 508,,olfactory receptor 508
olfactory receptor 509,,olfactory receptor 509
olfactory receptor 51,,olfactory receptor 51
olfactory receptor 510,,olfactory receptor 510
olfactory receptor 512,,olfactory receptor 512
olfactory receptor 513,,olfactory receptor 513
olfactory receptor 514,,olfactory receptor 514
olfactory receptor 516,,olfactory receptor 516
olfactory receptor 517,,olfactory receptor 517
olfactory receptor 518,,olfactory receptor 518
olfactory receptor 519,,olfactory receptor 519
olfactory receptor 52,,olfactory receptor 52
olfactory receptor 520,,olfactory receptor 520
olfactory receptor 521,,olfactory receptor 521
olfactory receptor 522,,olfactory receptor 522
olfactory receptor 523,,olfactory receptor 523
olfactory receptor 524,,olfactory receptor 524
olfactory receptor 525,,olfactory receptor 525
olfactory receptor 527,,olfactory receptor 527
olfactory receptor 53,,olfactory receptor 53
olfactory receptor 530,,olfactory receptor 530
olfactory receptor 531,,olfactory receptor 531
olfactory receptor 532,,olfactory receptor 532
olfactory receptor 533,,olfactory receptor 533
olfactory receptor 535,,olfactory receptor 535
olfactory receptor 536,,olfactory receptor 536
olfactory receptor 538,,olfactory receptor 538
olfactory receptor 539,,olfactory receptor 539
olfactory receptor 54,,olfactory receptor 54
olfactory receptor 541,,olfactory receptor 541
olfactory receptor 543,,olfactory receptor 543
olfactory receptor 544,,olfactory receptor 544
olfactory receptor 545,,olfactory receptor 545
olfactory receptor 547,,olfactory receptor 547
olfactory receptor 549,,olfactory receptor 549
olfactory receptor 55,,olfactory receptor 55
olfactory receptor 550,,olfactory receptor 550
olfactory receptor 551,,olfactory receptor 551
olfactory receptor 552,,olfactory receptor 552
olfactory receptor 553,,olfactory receptor 553
olfactory receptor 554,,olfactory receptor 554
olfactory receptor 555,,olfactory receptor 555
olfactory receptor 556,,olfactory receptor 556
olfactory receptor 557,,olfactory receptor 557
olfactory receptor 558,,olfactory receptor 558
olfactory receptor 559,,olfactory receptor 559
olfactory receptor 56,,olfactory receptor 56
olfactory receptor 560,,olfactory receptor 560
olfactory receptor 561,,olfactory receptor 561
olfactory receptor 564,,olfactory receptor 564
olfactory receptor 566,,olfactory receptor 566
olfactory receptor 568,,olfactory receptor 568
olfactory receptor 569,,olfactory receptor 569
olfactory receptor 57,,olfactory receptor 57
olfactory receptor 570,,olfactory receptor 570
olfactory receptor 571,,olfactory receptor 571
olfactory receptor 572,,olfactory receptor 572
olfactory receptor 574,,olfactory receptor 574
olfactory receptor 575,,olfactory receptor 575
olfactory receptor 576,,olfactory receptor 576
olfactory receptor 577,,olfactory receptor 577
olfactory receptor 578,,olfactory receptor 578
olfactory receptor 58,,olfactory receptor 58
olfactory receptor 582,,olfactory receptor 582
olfactory receptor 583,,olfactory receptor 583
olfactory receptor 584,,olfactory receptor 584
olfactory receptor 585,,olfactory receptor 585
olfactory receptor 586,,olfactory receptor 586
olfactory receptor 589,,olfactory receptor 589
olfactory receptor 59,,olfactory receptor 59
olfactory receptor 591,,olfactory receptor 591
olfactory receptor 592,,olfactory receptor 592
olfactory receptor 593,,olfactory receptor 593
olfactory receptor 594,,olfactory receptor 594
olfactory receptor 596,,olfactory receptor 596
olfactory receptor 597,,olfactory receptor 597
olfactory receptor 598,,olfactory receptor 598
olfactory receptor 599,,olfactory receptor 599
olfactory receptor 6,,olfactory receptor 6
olfactory receptor 60,,olfactory receptor 60
olfactory receptor 600,,olfactory receptor 600
olfactory receptor 601,,olfactory receptor 601
olfactory receptor 603,,olfactory receptor 603
olfactory receptor 605,,olfactory receptor 605
olfactory receptor 606,,olfactory receptor 606
olfactory receptor 607,,olfactory receptor 607
olfactory receptor 608,,olfactory receptor 608
olfactory receptor 609,,olfactory receptor 609
olfactory receptor 61,,olfactory receptor 61
olfactory receptor 610,,olfactory receptor 610
olfactory receptor 611,,olfactory receptor 611
olfactory receptor 612,,olfactory receptor 612
olfactory receptor 613,,olfactory receptor 613
olfactory receptor 615,,olfactory receptor 615
olfactory receptor 616,,olfactory receptor 616
olfactory receptor 617,,olfactory receptor 617
olfactory receptor 618,,olfactory receptor 618
olfactory receptor 619,,olfactory receptor 619
olfactory receptor 62,,olfactory receptor 62
olfactory receptor 620,,olfactory receptor 620
olfactory receptor 622,,olfactory receptor 622
olfactory receptor 623,,olfactory receptor 623
olfactory receptor 624,,olfactory receptor 624
olfactory receptor 628,,olfactory receptor 628
olfactory receptor 629,,olfactory receptor 629
olfactory receptor 63,,olfactory receptor 63
olfactory receptor 630,,olfactory receptor 630
olfactory receptor 631,,olfactory receptor 631
olfactory receptor 632,,olfactory receptor 632
olfactory receptor 633,,olfactory receptor 633
olfactory receptor 635,,olfactory receptor 635
olfactory receptor 638,,olfactory receptor 638
olfactory receptor 639,,olfactory receptor 639
olfactory receptor 64,,olfactory receptor 64
olfactory receptor 640,,olfactory receptor 640
olfactory receptor 641,,olfactory receptor 641
olfactory receptor 642,,olfactory receptor 642
olfactory receptor 643,,olfactory receptor 643
olfactory receptor 644,,olfactory receptor 644
olfactory receptor 645,,olfactory receptor 645
olfactory receptor 646,,olfactory receptor 646
olfactory receptor 648,,olfactory receptor 648
olfactory receptor 649,,olfactory receptor 649
olfactory receptor 65,,olfactory receptor 65
olfactory receptor 651,,olfactory receptor 651
olfactory receptor 652,,olfactory receptor 652
olfactory receptor 653,,olfactory receptor 653
olfactory receptor 654,,olfactory receptor 654
olfactory receptor 655,,olfactory receptor 655
olfactory receptor 656,,olfactory receptor 656
olfactory receptor 657,,olfactory receptor 657
olfactory receptor 658,,olfactory receptor 658
olfactory receptor 659,,olfactory receptor 659
olfactory receptor 66,,olfactory receptor 66
olfactory receptor 661,,olfactory receptor 661
olfactory receptor 663,,olfactory receptor 663
olfactory receptor 665,,olfactory receptor 665
olfactory receptor 666,,olfactory receptor 666
olfactory receptor 667,,olfactory receptor 667
olfactory receptor 668,,olfactory receptor 668
olfactory receptor 669,,olfactory receptor 669
olfactory receptor 67,,olfactory receptor 67
olfactory receptor 670,,olfactory receptor 670
olfactory receptor 671,,olfactory receptor 671
olfactory receptor 672,,olfactory receptor 672
olfactory receptor 675,,olfactory receptor 675
olfactory receptor 676,,olfactory receptor 676
olfactory receptor 677,,olfactory receptor 677
olfactory receptor 678,,olfactory receptor 678
olfactory receptor 679,,olfactory receptor 679
olfactory receptor 68,,olfactory receptor 68
olfactory receptor 681,,olfactory receptor 681
olfactory receptor 683,,olfactory receptor 683
olfactory receptor 684,,olfactory receptor 684
olfactory receptor 685,,olfactory receptor 685
olfactory receptor 686,,olfactory receptor 686
olfactory receptor 688,,olfactory receptor 688
olfactory receptor 689,,olfactory receptor 689
olfactory receptor 69,,olfactory receptor 69
olfactory receptor 690,,olfactory receptor 690
olfactory receptor 691,,olfactory receptor 691
olfactory receptor 692,,olfactory receptor 692
olfactory receptor 693,,olfactory receptor 693
olfactory receptor 694,,olfactory receptor 694
olfactory receptor 695,,olfactory receptor 695
olfactory receptor 697,,olfactory receptor 697
olfactory receptor 698,,olfactory receptor 698
olfactory receptor 699,,olfactory receptor 699
olfactory receptor 70,,olfactory receptor 70
olfactory receptor 700,,olfactory receptor 700
olfactory receptor 701,,olfactory receptor 701
olfactory receptor 702,,olfactory receptor 702
olfactory receptor 703,,olfactory receptor 703
olfactory receptor 704,,olfactory receptor 704
olfactory receptor 705,,olfactory receptor 705
olfactory receptor 706,,olfactory receptor 706
olfactory receptor 707,,olfactory receptor 707
olfactory receptor 71,,olfactory receptor 71
olfactory receptor 710,,olfactory receptor 710
olfactory receptor 711,,olfactory receptor 711
olfactory receptor 713,,olfactory receptor 713
olfactory receptor 714,,olfactory receptor 714
olfactory receptor 715,,olfactory receptor 715
olfactory receptor 715B,,olfactory receptor 715B
olfactory receptor 716,,olfactory receptor 716
olfactory receptor 720,,olfactory receptor 720
olfactory receptor 722,,olfactory receptor 722
olfactory receptor 723,,olfactory receptor 723
olfactory receptor 724,,olfactory receptor 724
olfactory receptor 725,,olfactory receptor 725
olfactory receptor 726,,olfactory receptor 726
olfactory receptor 727,,olfactory receptor 727
olfactory receptor 728,,olfactory receptor 728
olfactory receptor 729,,olfactory receptor 729
olfactory receptor 73,,olfactory receptor 73
olfactory receptor 730,,olfactory receptor 730
olfactory receptor 731,,olfactory receptor 731
olfactory receptor 732,,olfactory receptor 732
olfactory receptor 733,,olfactory receptor 733
olfactory receptor 734,,olfactory receptor 734
olfactory receptor 735,,olfactory receptor 735
olfactory receptor 736,,olfactory receptor 736
olfactory receptor 738,,olfactory receptor 738
olfactory receptor 739,,olfactory receptor 739
olfactory receptor 74,,olfactory receptor 74
olfactory receptor 740,,olfactory receptor 740
olfactory receptor 741,,olfactory receptor 741
olfactory receptor 742,,olfactory receptor 742
olfactory receptor 743,,olfactory receptor 743
olfactory receptor 744,,olfactory receptor 744
olfactory receptor 745,,olfactory receptor 745
olfactory receptor 746,,olfactory receptor 746
olfactory receptor 747,,olfactory receptor 747
olfactory receptor 748,,olfactory receptor 748
olfactory receptor 749,,olfactory receptor 749
olfactory receptor 750,,olfactory receptor 750
olfactory receptor 76,,olfactory receptor 76
olfactory receptor 761,,olfactory receptor 761
olfactory receptor 763,,olfactory receptor 763
olfactory receptor 765,,olfactory receptor 765
olfactory receptor 767,,olfactory receptor 767
olfactory receptor 768,,olfactory receptor 768
olfactory receptor 769,,olfactory receptor 769
olfactory receptor 77,,olfactory receptor 77
olfactory receptor 770,,olfactory receptor 770
olfactory receptor 771,,olfactory receptor 771
olfactory receptor 772,,olfactory receptor 772
olfactory receptor 773,,olfactory receptor 773
olfactory receptor 774,,olfactory receptor 774
olfactory receptor 775,,olfactory receptor 775
olfactory receptor 776,,olfactory receptor 776
olfactory receptor 777,,olfactory receptor 777
olfactory receptor 78,,olfactory receptor 78
olfactory receptor 780,,olfactory receptor 780
olfactory receptor 781,,olfactory receptor 781
olfactory receptor 782,,olfactory receptor 782
olfactory receptor 784,,olfactory receptor 784
olfactory receptor 785,,olfactory receptor 785
olfactory receptor 786,,olfactory receptor 786
olfactory receptor 787,,olfactory receptor 787
olfactory receptor 788,,olfactory receptor 788
olfactory receptor 789,,olfactory receptor 789
olfactory receptor 790,,olfactory receptor 790
olfactory receptor 791,,olfactory receptor 791
olfactory receptor 792,,olfactory receptor 792
olfactory receptor 794,,olfactory receptor 794
olfactory receptor 796,,olfactory receptor 796
olfactory receptor 798,,olfactory receptor 798
olfactory receptor 799,,olfactory receptor 799
olfactory receptor 8,,olfactory receptor 8
olfactory receptor 800,,olfactory receptor 800
olfactory receptor 801,,olfactory receptor 801
olfactory receptor 802,,olfactory receptor 802
olfactory receptor 803,,olfactory receptor 803
olfactory receptor 804,,olfactory receptor 804
olfactory receptor 805,,olfactory receptor 805
olfactory receptor 806,,olfactory receptor 806
olfactory receptor 807,,olfactory receptor 807
olfactory receptor 808,,olfactory receptor 808
olfactory receptor 809,,olfactory receptor 809
olfactory receptor 810,,olfactory receptor 810
olfactory receptor 811,,olfactory receptor 811
olfactory receptor 812,,olfactory receptor 812
olfactory receptor 813,,olfactory receptor 813
olfactory receptor 814,,olfactory receptor 814
olfactory receptor 815,,olfactory receptor 815
olfactory receptor 816,,olfactory receptor 816
olfactory receptor 818,,olfactory receptor 818
olfactory receptor 819,,olfactory receptor 819
olfactory receptor 820,,olfactory receptor 820
olfactory receptor 821,,olfactory receptor 821
olfactory receptor 822,,olfactory receptor 822
olfactory receptor 823,,olfactory receptor 823
olfactory receptor 824,,olfactory receptor 824
olfactory receptor 825,,olfactory receptor 825
olfactory receptor 826,,olfactory receptor 826
olfactory receptor 827,,olfactory receptor 827
olfactory receptor 828,,olfactory receptor 828
olfactory receptor 829,,olfactory receptor 829
olfactory receptor 830,,olfactory receptor 830
olfactory receptor 832,,olfactory receptor 832
olfactory receptor 834,,olfactory receptor 834
olfactory receptor 835,,olfactory receptor 835
olfactory receptor 836,,olfactory receptor 836
olfactory receptor 837,,olfactory receptor 837
olfactory receptor 843,,olfactory receptor 843
olfactory receptor 845,,olfactory receptor 845
olfactory receptor 846,,olfactory receptor 846
olfactory receptor 847,,olfactory receptor 847
olfactory receptor 849,,olfactory receptor 849
olfactory receptor 850,,olfactory receptor 850
olfactory receptor 851,,olfactory receptor 851
olfactory receptor 853,,olfactory receptor 853
olfactory receptor 854,,olfactory receptor 854
olfactory receptor 855,,olfactory receptor 855
olfactory receptor 857,,olfactory receptor 857
olfactory receptor 859,,olfactory receptor 859
olfactory receptor 860,,olfactory receptor 860
olfactory receptor 862,,olfactory receptor 862
olfactory receptor 866,,olfactory receptor 866
olfactory receptor 867,,olfactory receptor 867
olfactory receptor 868,,olfactory receptor 868
olfactory receptor 869,,olfactory receptor 869
olfactory receptor 870,,olfactory receptor 870
olfactory receptor 871,,olfactory receptor 871
olfactory receptor 872,,olfactory receptor 872
olfactory receptor 873,,olfactory receptor 873
olfactory receptor 874,,olfactory receptor 874
olfactory receptor 875,,olfactory receptor 875
olfactory receptor 876,,olfactory receptor 876
olfactory receptor 877,,olfactory receptor 877
olfactory receptor 878,,olfactory receptor 878
olfactory receptor 881,,olfactory receptor 881
olfactory receptor 883,,olfactory receptor 883
olfactory receptor 884,,olfactory receptor 884
olfactory receptor 885,,olfactory receptor 885
olfactory receptor 887,,olfactory receptor 887
olfactory receptor 888,,olfactory receptor 888
olfactory receptor 889,,olfactory receptor 889
olfactory receptor 890,,olfactory receptor 890
olfactory receptor 891,,olfactory receptor 891
olfactory receptor 893,,olfactory receptor 893
olfactory receptor 894,,olfactory receptor 894
olfactory receptor 895,,olfactory receptor 895
olfactory receptor 898,,olfactory receptor 898
olfactory receptor 9,,olfactory receptor 9
olfactory receptor 90,,olfactory receptor 90
olfactory receptor 901,,olfactory receptor 901
olfactory receptor 902,,olfactory receptor 902
olfactory receptor 904,,olfactory receptor 904
olfactory receptor 905,,olfactory receptor 905
olfactory receptor 906,,olfactory receptor 906
olfactory receptor 907,,olfactory receptor 907
olfactory receptor 908,,olfactory receptor 908
olfactory receptor 91,,olfactory receptor 91
olfactory receptor 910,,olfactory receptor 910
olfactory receptor 912,,olfactory receptor 912
olfactory receptor 913,,olfactory receptor 913
olfactory receptor 914,,olfactory receptor 914
olfactory receptor 915,,olfactory receptor 915
olfactory receptor 916,,olfactory receptor 916
olfactory receptor 917,,olfactory receptor 917
olfactory receptor 918,,olfactory receptor 918
olfactory receptor 919,,olfactory receptor 919
olfactory receptor 92,,olfactory receptor 92
olfactory receptor 920,,olfactory receptor 920
olfactory receptor 921,,olfactory receptor 921
olfactory receptor 922,,olfactory receptor 922
olfactory receptor 923,,olfactory receptor 923
olfactory receptor 924,,olfactory receptor 924
olfactory receptor 926,,olfactory receptor 926
olfactory receptor 93,,olfactory receptor 93
olfactory receptor 930,,olfactory receptor 930
olfactory receptor 933,,olfactory receptor 933
olfactory receptor 934,,olfactory receptor 934
olfactory receptor 935,,olfactory receptor 935
olfactory receptor 936,,olfactory receptor 936
olfactory receptor 937,,olfactory receptor 937
olfactory receptor 938,,olfactory receptor 938
olfactory receptor 94,,olfactory receptor 94
olfactory receptor 943,,olfactory receptor 943
olfactory receptor 944,,olfactory receptor 944
olfactory receptor 945,,olfactory receptor 945
olfactory receptor 948,,olfactory receptor 948
olfactory receptor 95,,olfactory receptor 95
olfactory receptor 951,,olfactory receptor 951
olfactory receptor 952,,olfactory receptor 952
olfactory receptor 954,,olfactory receptor 954
olfactory receptor 955,,olfactory receptor 955
olfactory receptor 957,,olfactory receptor 957
olfactory receptor 958,,olfactory receptor 958
olfactory receptor 959,,olfactory receptor 959
olfactory receptor 96,,olfactory receptor 96
olfactory receptor 960,,olfactory receptor 960
olfactory receptor 961,,olfactory receptor 961
olfactory receptor 963,,olfactory receptor 963
olfactory receptor 965,,olfactory receptor 965
olfactory receptor 967,,olfactory receptor 967
olfactory receptor 968,,olfactory receptor 968
olfactory receptor 969,,olfactory receptor 969
olfactory receptor 97,,olfactory receptor 97
olfactory receptor 970,,olfactory receptor 970
olfactory receptor 971,,olfactory receptor 971
olfactory receptor 972,,olfactory receptor 972
olfactory receptor 974,,olfactory receptor 974
olfactory receptor 975,,olfactory receptor 975
olfactory receptor 976,,olfactory receptor 976
olfactory receptor 978,,olfactory receptor 978
olfactory receptor 979,,olfactory receptor 979
olfactory receptor 98,,olfactory receptor 98
olfactory receptor 980,,olfactory receptor 980
olfactory receptor 981,,olfactory receptor 981
olfactory receptor 982,,olfactory receptor 982
olfactory receptor 983,,olfactory receptor 983
olfactory receptor 984,,olfactory receptor 984
olfactory receptor 985,,olfactory receptor 985
olfactory receptor 986,,olfactory receptor 986
olfactory receptor 987,,olfactory receptor 987
olfactory receptor 988,,olfactory receptor 988
olfactory receptor 99,,olfactory receptor 99
olfactory receptor 992,,olfactory receptor 992
olfactory receptor 993,,olfactory receptor 993
olfactory receptor 994,,olfactory receptor 994
olfactory receptor 995,,olfactory receptor 995
olfactory receptor 996,,olfactory receptor 996
olfactory receptor 998,,olfactory receptor 998
